quiz1,quiz2,quiz3,quiz4,quiz5,quiz6,quiz7,quiz8,quiz9,quiz10,passed_final,frpl
65.00681167482182,84.41083130401528,45.16043999611297,70.88940533532747,54.31040979830114,63.434931675283465,60.60113659277258,45.117798279365296,95.79773443948129,93.57012060005574,1,0
30.730823815133146,64.91786352230872,14.581339013339054,57.1321008988041,53.96262972274699,21.741871162410074,84.84796146814169,64.16085902729297,86.41932876917586,74.6280736890092,0,1
35.88560652522513,75.56434853502793,62.434003613714694,56.60392457312786,63.13798150191394,56.91033100188552,89.60864183117506,71.23134345752979,88.32447097554534,92.69563969822929,0,1
59.41442571989647,91.06215482501698,46.45729788411718,54.03724851808822,56.86198413112146,41.58786870711208,77.9807397002247,52.2330728954238,84.23257183137667,90.0064578123389,1,0
54.76723309352668,86.94463697913363,31.068614674554446,60.965025625788726,6.832854430127125,46.31364457916432,76.05657452382401,40.54481850741737,89.01404539558956,88.66145406341853,0,0
53.81930802472036,83.05401877263454,56.50417984893181,44.70252299188831,14.315529098455492,48.68897421754317,86.41275503327176,68.33479553941733,87.2172722934436,88.59977305198704,0,0
69.83719708192949,75.43792276295827,40.45373871798925,33.798441052345034,55.80010863629005,13.806287811170016,96.25542229088255,81.88190397066322,89.92109630607824,88.08440285834183,1,0
54.49321559388148,89.9931907489661,48.254814334284056,43.4538967564509,37.05838780000913,73.81304792073676,83.34782009195591,58.09557124032187,86.43269374165389,91.94129005920047,0,1
68.84262517709627,91.34004049209112,32.163714630131565,24.920977803320802,63.55898497172953,73.8601507938022,82.42175942295322,81.77822961721213,84.7271565636218,88.72880402112705,1,0
61.01252723607929,91.73272450101936,33.541961550720586,21.051337946878096,32.3951538904521,71.10578514918664,92.47336743579261,57.70897385794539,84.22387560334793,88.16833396460217,0,0
24.721611131866034,90.52589651225989,54.93764321229536,41.792661221677825,49.87332038060776,68.2418732855442,90.10521978964924,33.768050901687666,76.14713279577188,83.55861548876473,0,0
22.01029709354301,70.23059103106436,47.67264009534866,41.74305934593407,73.4230779394243,42.30524673540645,97.38556010945882,50.70450469154145,84.85840086103488,78.85114730825671,0,0
15.839252912191332,50.80954503848272,13.366555324321732,74.26774366093433,71.21674477101799,38.31557702389541,90.06803129230045,56.11871408859393,90.55335868138422,87.96965053164979,0,0
20.23486143699377,66.05284979703733,41.713404092601564,65.05984512845822,69.28159431198169,41.134591544920944,85.9550975110798,60.582782278357115,86.85308648186995,83.33105747697664,1,1
59.1157617627037,80.66616639400883,57.20399715689718,45.73018017108256,36.868717469396344,46.76547779212317,85.78325603663609,63.957225057625585,90.65879991273415,87.99031544955015,1,0
59.0847806881062,89.17969254824648,81.44388540671302,26.52990194126565,53.53573478743985,44.65339766078155,95.4726400032576,75.8391409925675,80.51680150766563,90.63660405778154,1,0
11.82764083243192,79.91537524472662,56.534261068109046,62.01775310961335,64.76218025431594,80.88300826549539,89.79876428541478,60.802569109545026,82.79200648467089,94.00123868599455,1,0
35.221461246907495,72.01893597913669,63.16780494310157,64.03319344478157,58.62313159351659,39.89001077830673,80.02613686739049,80.24890256513638,86.70041593865615,87.48686339063315,0,0
27.902056171056934,72.93212659519128,55.635869259008054,60.72511357412921,59.07091291084578,57.309715504304094,87.31247084805919,75.32019897580273,86.89539140931498,91.3274901659876,0,1
36.871528718784624,88.74521541711582,38.30979484644651,52.174607025205866,45.71868393211334,60.24301851614129,80.0657069033181,62.19823137809829,79.05864331079474,88.22234880768693,0,1
57.999396453874496,79.29189095541972,71.59942889113634,48.146754929211575,57.387982075945644,27.960419214631482,89.68829442697175,79.10563695662933,87.6222744431693,90.80689210015687,1,1
44.83867809726795,89.00535982489367,59.63068031519756,52.123784001315634,59.735674509805804,70.6986632742968,80.03623109507546,66.35939496304614,83.40021397083993,92.71022882823307,1,0
53.30709072211847,86.37696709078462,31.029499469208172,66.98841529793893,67.20421875989479,27.30137922433613,87.15304954557531,35.48480218334457,88.43059716993412,94.06022462339982,0,0
54.120216540329814,89.49656419310863,38.95685041074817,38.26432123999008,36.50336544069812,82.87322606667237,82.163372912316,50.59774766531579,88.03541336503461,88.22131177580023,0,0
58.375070387736336,90.67224281826267,40.8415096951671,27.950900570557792,66.64273876260872,65.75125867797534,92.17083009901799,69.38030958237242,83.02401109324042,91.59464527995021,1,1
60.138480791594276,91.08500848444265,37.98555701479967,59.15501530222947,57.128419722599446,22.18377729736532,78.26240014493744,23.92640083309467,85.67700485609423,84.89137269310596,0,0
23.964320616537982,79.73683028471004,72.84682130049673,45.76438220069538,39.26817203928643,73.32338485004757,85.07624197102147,78.20493818488387,81.02828954669138,85.24655386705402,1,0
61.138232612557445,91.89310187852917,6.980944841635936,45.26358151587962,56.39676320564489,25.377826335767196,83.31842470341213,55.2943458924575,79.77287499706979,86.47023587840685,0,1
36.622204397401255,81.14692606887942,33.90029638273447,27.584797370547932,61.80264412110762,68.87487141701524,90.76711463281264,53.34534481213876,85.03665782564809,75.08715490794275,0,0
34.6862246986419,84.71071549379239,69.83388703937791,10.323279026176243,41.293465531308435,73.82944144899295,94.50640845759605,88.28259214728287,74.18193265173082,76.70022224777234,0,0
60.509391480332454,74.52761107366163,29.890359768442092,54.014186377184494,55.53024378542365,8.264962598677617,92.89499837041636,99.83441384513043,87.06096739668675,95.39885276960818,1,0
32.26384812643005,81.64936474939451,57.48451377916813,46.763428409326146,74.40544692641596,48.95894491285992,83.96112707275287,60.99785074942004,81.18244866434438,79.34102172061283,0,0
64.30331313195569,94.62097362518746,59.18624225513902,47.1076532911185,40.06500672528221,8.377184663265982,83.37004101502849,57.369786240720025,74.05720774724264,87.37628121364637,0,0
46.11813801644571,79.8083324979679,36.9556627370658,25.46051639618349,55.35955479780029,76.59993080211878,88.53537271620647,46.479985749584905,90.35518266812184,73.29495606525163,1,0
28.575865035344744,81.2433514712664,49.62446761996777,57.05867676612824,32.18192202122944,56.1400454109606,85.50002074770332,61.003137954236095,83.09581971196486,88.2818367139038,0,1
63.182934629179414,92.05318132631048,66.35251733898949,53.15691648875761,27.579130712907684,16.269384965743246,86.55538539381119,47.60883823820296,81.61474185012679,91.23661618969908,0,0
66.24193297854805,96.07192192572798,68.73217237831325,36.101835244859295,87.24382396601392,16.611422387328606,83.92995500658562,67.45156404791707,70.00815721351283,85.6792460980586,1,0
36.13568561502609,80.43548933999234,28.916446634627018,60.21194828799161,59.053564202748476,57.6277895236447,70.47289769647448,76.16420731737756,84.40997356292999,85.83079981492267,0,0
39.559462982059024,87.30405670492499,47.118156741123265,54.481999338023165,58.826069949784376,23.470070970495662,86.92785023448427,11.151813471278608,83.16387456574122,76.77758013097174,0,0
22.695431977577414,90.74147868046099,36.49917483330723,46.379311204408275,43.828163264464166,67.22764727211464,54.57228263817498,64.32873093345538,66.0140518257291,67.93308427775231,0,0
42.502578371041395,87.22496068070288,29.051848375393718,47.96764779368852,58.6460853455932,33.14979513314551,86.35292885927292,32.98989332687271,82.05252678888702,79.40925618883807,1,1
29.969927414974823,81.47259260057943,34.494886750957136,75.83921871540178,72.98560932797199,22.521980838841095,79.22182981394698,42.18003884673903,82.91186702483263,86.3706843799016,1,0
28.144637613648136,88.45647006587065,34.522266295014774,63.1451799708913,63.25218725282864,18.055081040339942,74.05399955410661,64.49360788464341,65.50365427293285,80.71519524534969,0,0
48.17919292286666,90.51534194494096,50.46349683297808,28.957319589794473,48.989166149298704,39.956518834834476,91.35785956638473,39.6611780615209,78.43349794003119,76.99692318301958,0,1
54.78638064486952,79.81928745781475,61.23768089703076,47.57295277972556,16.19225932499572,31.84861040773597,88.76629608044021,76.24530668562171,86.92907959300156,89.35932294380382,0,0
47.68172025863262,87.30052044644091,54.943770344689035,49.158709641435436,50.704022721974496,48.17329973824789,86.3062155493737,74.1710395080801,81.37457574175386,92.30498447876249,1,0
57.08577344003438,72.67938096212426,17.737911182089487,57.77977976935051,39.945528098850495,27.813478475863327,85.73713558394047,83.3183206745281,91.03139344708624,91.57685989036057,0,0
48.00100708235386,86.63962296626056,22.586676035890928,31.649920070147818,22.13108519685604,58.669418609588796,87.7546063339773,52.15491457563775,83.95972178405178,79.85102219168098,0,0
32.970917441244374,77.73244827261824,50.185313794737596,51.497190066323995,32.081667098259544,41.56139831835473,86.71684965766735,65.24986076598651,83.48082810952644,83.15766754559164,0,0
55.439442788383545,77.88536756536018,45.41845893502502,57.471096222784055,36.02561954384071,34.48571393807475,85.64808460994158,83.13671479706858,88.97314163635771,93.53650532680449,1,0
47.51985816167162,84.6244256184131,25.224722346564356,65.5323585244425,50.24842252301321,25.337694679219595,86.17435898242935,47.82361894805435,85.8196883571434,92.1147520837259,0,1
22.556331362545993,67.79586966801983,38.62176322063831,49.23340943253692,38.243439301052405,31.160110025465265,91.42275711418432,52.8413821944986,84.5802039097148,72.96547499124908,0,0
54.73593230317113,78.6958551505787,64.40821297668552,52.64690293254335,41.633075695549365,24.528683761402753,89.1717335745771,85.28428646769387,86.26452839928085,92.28008224603339,0,1
55.90180152733385,84.8767505519733,25.19696459607692,57.80305613266393,22.693230820266663,44.9405646964606,86.1764991264039,47.19457390433328,90.14001785693004,93.09561105959362,0,0
38.88304973790706,74.19336230447483,33.69206172125465,53.03924652460231,53.30961581829175,32.29052585127546,89.94602920047043,57.53872753865834,87.57482149396768,84.25792504122748,0,0
27.8559489266143,72.16640538537735,29.178748010303202,57.57685271898053,33.01437079705242,36.32395803103308,89.00166937444926,56.56695332487517,85.9847839164674,83.1652128589127,0,0
39.064083650683024,84.54964669794758,44.76687794000323,41.802774989851216,37.583025875647095,57.43102047140736,86.99286282223919,52.18327134040711,83.62571046157557,82.47295131430951,0,1
31.962177262352924,78.99326291064754,58.09314686264295,57.815613950900655,33.155194877719815,60.78674414494564,83.53434437498342,40.66482595516637,88.731069849386,84.43299200599282,0,1
54.42295137704494,89.20219928968157,50.64834642767497,41.92598231368583,53.14856535213154,46.75234540128846,84.15458351817583,41.331978701296926,84.8375873430328,82.95376242880921,0,0
69.93355948088492,81.50104965012366,56.136483143355385,24.896843786114232,39.72755274763963,27.144411594163287,96.8097113384556,70.51550286468091,88.55439436996399,86.01343479785865,0,0
32.8372393955963,95.19804722007146,60.15900498208458,43.264381762541404,93.38958588851858,82.43593476047872,79.17331412396014,51.21831388772355,72.63243468711973,87.33389639502404,1,1
43.3793736649469,70.88022994683095,51.78972230827592,51.78781535136254,86.68669698752637,37.15589461225189,85.85058498801689,84.67133589651247,87.7598819361009,86.00869678899305,0,0
66.15461807595157,95.60960008102009,36.125289887632036,42.38394720369511,30.37157993356221,20.654148378834297,89.23815773438372,51.726816502760464,76.83274404857671,91.41566746938663,0,0
57.24871784777217,86.7461451098818,45.74592191958527,50.71997628356936,35.762716593178965,41.57924250830306,84.09728295265076,50.59549409347564,87.33962525805121,88.80742923478539,0,0
10.710969223341213,82.22911018371538,47.179439353020975,78.28337880467299,45.104115136991375,50.72922510860882,72.21267508877298,46.3578423209567,78.49740268766013,85.39970062275461,1,0
21.362010027940457,91.05050593505314,22.029742538636196,73.76472732110757,50.15188967198772,52.939626102873724,75.05301723999678,87.0612556484098,64.30563430235293,97.27074596171474,0,0
53.6801634743223,89.78797783767773,42.331525328205025,45.46589219548155,67.48459567121492,47.19536656509837,82.21348543900702,62.64006317508187,81.7590983061577,88.0755063474242,1,0
47.40094480538708,89.11898191380678,65.39761637283368,28.372867832207437,0.7694551348965845,61.063457599227476,88.18574866458123,73.99753895895712,78.11418378273348,84.41515344721103,0,1
60.30569703141408,85.63952182665525,46.07204896775122,57.64248445908423,48.54298961073235,56.96415714577372,72.95821706655306,47.29759850738512,91.72230009545288,88.99449435633407,0,1
66.17975725938365,92.29845466068511,43.94864401783688,25.790911584895316,87.02014114188137,43.67923061321262,86.33133792558473,56.54072074094984,81.4019069527102,81.24512721601604,0,0
45.116136708365175,85.56294735570414,31.328631202413842,59.763551779272085,49.24509929061316,51.220323557910596,79.87764801653904,51.99072320881308,86.30995292396354,89.78606669242394,0,1
45.10860363247378,88.08686343782284,32.14642369494926,50.75813612813176,26.714926952849645,61.20608790906742,80.31320162371362,58.62416795425245,83.59700073629088,88.86016239238455,0,0
35.80050985499556,81.49666894378174,28.294987163132863,71.23720283498376,79.52564922945403,36.407818341920965,84.65666773797618,46.87487128257159,86.34884911974672,91.96145623864446,0,0
61.05084587393209,95.55385597457234,22.84430717260571,76.60079066250269,66.11665189620904,8.506003338181765,71.70269242849865,32.52480569113015,80.14582006229624,93.79972909861544,0,0
39.5569607380096,81.04788311147784,47.49309692537854,41.763663562872274,33.051924344640376,44.84653963461201,81.93627197278326,73.2999682456038,81.25797112505009,77.18407285612395,0,0
27.739763838332372,83.61711292429383,31.37406129519002,63.48477914549008,45.55940371107191,38.27435168823739,78.84125372360589,62.18081380836465,77.91684501719789,85.20449034601376,0,1
46.993851562967286,81.48451768692628,68.44325135877466,60.23275485878765,54.186997494406185,50.00015943061001,85.74699247192686,44.47798438443397,90.68909493817763,91.17546674145771,1,0
45.18425881458397,79.92772574445827,45.57773291164996,51.78285453905974,43.2438744499512,65.67846556268402,80.84801496106027,46.71692742504651,91.38946890301052,84.69303492408673,0,0
55.2849644606045,84.6804942598617,70.32394155190723,42.63632164652492,20.43787652245713,33.22756377449858,75.23233489615147,66.23413517805082,83.3399872404627,75.40341555091878,1,0
43.399207638268386,84.69000217081896,35.38884817003814,60.77862219769945,35.52315335838615,41.856779066744835,85.88738795534567,48.363030038549525,85.9821008397781,91.23843529580634,0,0
52.715568540359826,82.43344522366232,36.60120677995385,71.21635310830985,39.40765503655667,19.607681929269937,80.79950741712963,23.41666746037573,91.15435759990714,87.12414827328769,0,0
46.52469428530592,86.59081362601088,72.70965708985908,65.34935453593828,43.368342108325436,23.176437485336354,85.16031269082593,52.728837752909754,82.77558799029981,92.32431564196807,1,1
23.772267764787873,81.57970187122436,34.288315609933285,52.42394969154304,74.03844766408379,68.91261563046987,89.35060047076504,59.77683762238938,82.83247558975962,89.63561327486747,1,1
40.66074332603557,72.96323705766464,52.553649625682816,39.11408415567895,64.4662006195807,63.77877847726855,93.64055325884644,91.71954630010968,87.8384089515161,91.16871427732363,0,0
44.11070730311397,83.39659487638525,49.535708971180306,49.92494352412474,33.65709150612586,36.225563949908135,81.25337923477315,58.01988896683199,83.14074923597097,80.6959191839023,0,0
33.351711784997754,79.01419572125289,77.5165566275744,47.55165987264204,51.640994181071854,48.326071075899975,85.77923913585347,74.10195170880804,82.02169435670051,83.40372103620496,1,0
62.83594091345081,88.13857865224146,9.796891598244503,59.51190651696957,58.41313193525013,43.777301243755694,74.5983720877281,33.159054485974536,90.81141573075658,87.98781173158552,0,0
59.10384897650535,81.43693820839447,11.163730133976866,66.8905890440139,64.13269640485268,54.46082470749596,70.17032115968689,21.952229193572713,96.58086744911283,86.34937680075126,0,1
51.70424766994988,81.93436872357744,33.05592858775524,61.637277577237136,55.27616575414716,37.357711237887955,84.62559761227205,39.030968299564364,90.88796818010509,89.42194539197163,0,0
44.70568209847566,90.11160018909034,52.82519566084677,62.91462622247928,36.644460175652235,25.254621760186456,82.07969466231884,40.11392474365639,79.87153224436247,88.56229761351351,0,0
60.34302053989429,95.40726305238223,30.96934215947548,43.931338330919985,31.334769606647196,18.12981422943892,84.80521826991799,38.818188947525876,75.58025573531019,84.39308758775826,0,1
44.34287123553805,78.64006860574789,36.22364383809365,70.04574140568639,48.19910264989214,33.577093853021914,76.42839890391988,19.734961758763,92.41488139843372,81.34398830031627,0,0
15.985685990318249,77.02009074190852,23.756428780040498,68.72868551062115,64.38239440468804,62.876128442922905,86.96714004856005,54.83177982065478,84.89099293288834,91.69796205045586,0,0
55.972458980307195,78.75465734156573,59.10971884900859,16.82434160415889,46.523709721502705,94.62227540636617,87.09784651012843,64.9394523731283,93.06391948303808,76.87881404242461,0,0
63.9396897233258,93.2837568774554,58.144792668809195,51.73542468420793,54.49140821284133,14.654404470764398,88.43763935478309,48.60030779351734,80.00005888905164,92.5571669284058,1,1
61.469761492083684,89.6033405954221,44.49438132111126,57.50890776123533,42.8494261997168,31.972967682764242,93.11963572706613,49.544462259240596,86.93927761769451,99.12020432598776,1,0
45.86156262000618,73.10495071573334,62.91262891704733,50.133511429775965,58.923633159004105,24.5673105076106,84.9015558079537,78.67293378409327,86.17351556734296,81.52307094887877,1,0
38.64316843688708,83.87972409969055,29.749335248433255,73.71668539405685,76.48120184808681,11.979958666244594,78.20047728322056,29.19184216947473,83.95689364455932,83.2103107521609,0,0
36.894733017678796,89.40554817540439,19.498142305834108,56.964666007778156,65.2805567436451,61.03306940257682,79.49491702802048,69.99690259415641,78.16628307329717,92.35944139592314,1,0
64.09846538658107,91.54818250863963,42.722857523701144,52.051306672787646,41.69333889487882,17.554548010945304,87.30056563393343,44.0811917908588,83.09911178189357,90.77472867310105,0,0
31.591333543081706,65.34669285768963,43.41811526238268,59.42048357796706,35.78835759965145,30.59190937876066,86.2010132041998,70.82079630009079,87.53162981478083,82.48401729024415,0,0
55.31832096195289,90.2337512312113,37.97445469909536,71.05597241449011,43.787017026415036,29.124621911502658,72.88227996982518,42.74431232380304,85.04876086774017,92.05926658098804,0,0
22.646294004618923,74.08013135998091,23.395565722227182,75.66635203863697,41.90280991242725,50.32171858565479,76.10652406942411,45.27812528361163,88.24385596028023,85.56779795999778,0,1
62.2033541498008,88.41731531632104,26.762983239067733,62.374466695117405,29.676238049542032,12.404863388327424,89.42814032762033,41.117561717582,86.65753196966459,94.56461062442649,0,0
46.85931327761442,88.87335004892162,39.335350672455434,67.16270490685736,30.530698595003397,25.13119035791704,79.6138243250874,23.027173661394638,84.73847326811834,86.44869790046758,1,1
56.11137642988078,77.54908189125366,38.816321974118765,82.86719846244144,17.696457508759927,45.71375574208106,62.85206244820903,0.0,99.71369983526537,85.77757464009986,0,0
40.21052707841251,89.82428822680596,42.907586850909965,43.63470182765317,43.81396868206677,45.07281228200733,87.53307634946506,69.42260918919048,74.03459889666466,88.21399083073005,0,0
42.85514253538703,84.36359711283232,22.37189410133339,51.7345709839359,35.390319148261575,22.81162604301479,90.43913447768135,91.86773403303017,75.45487103356616,92.85465517981623,1,1
49.86724579385865,90.65915102582063,43.058429821257015,38.883308083787924,38.506370867619665,45.38324706281779,86.02013407629319,64.22764572436459,77.65503882133626,86.17380115978604,0,0
58.79388639314108,92.70201289386631,60.299434478438094,31.093646426741074,26.233998936342335,38.9076140454425,87.15381910124182,56.16370674078348,77.84436610029964,82.83350655053981,0,0
3.254123594082998,71.25716519259666,67.32606599511163,51.81900452759074,38.74158864314913,69.07845082752401,96.78188581491965,51.512478708148855,82.93125979079572,86.26514522940643,0,0
61.03042283858606,87.32491828179538,45.76713466328942,28.13269767508939,49.95409108160961,53.53568386964718,85.85607528455337,47.36109050805774,87.17948211333253,77.41322060707363,0,0
43.709374532040236,83.67901163430835,44.22256157918232,34.79967982371875,65.14774334299447,46.56232195515299,82.03194488473756,69.19039035803699,80.50301580346047,73.37087962529444,0,0
28.984071523887973,84.32198662621249,19.303893331561607,48.57850661261423,31.20447644668086,49.06430347021444,81.70864490207845,48.29274990838082,79.39508141587925,76.01058456771169,0,0
34.28676901318797,75.940241068602,72.53432766639203,63.175973583899925,27.91922444552523,59.635398680107784,80.72954628700015,25.58752942234377,92.75716917823232,82.17031834791898,0,0
58.55266274922525,90.82680180020878,61.99025832797276,35.684640811313315,17.44586550157713,37.4693673696376,85.79906403411105,50.50926586455496,81.25615090024752,82.00079043473501,0,0
34.80950205401419,80.22141039264787,36.86988235360556,48.893730872720646,54.76693212850885,63.034834503873746,80.79621687975434,75.28045500532573,83.85585273659963,84.6970298299528,0,1
78.4616458304709,75.9962621074265,51.50243961829165,27.508942041153727,31.215307834039553,31.190872459898873,95.02562729570066,66.62891716669112,94.79370708816637,85.90765903821453,0,1
67.92087299708544,92.68505666865491,40.735823603683706,13.610756955888275,42.61409772462158,100.0,84.62928997544816,14.133124852262766,92.5542463088352,74.32357460244016,0,0
48.51378508774799,91.83539349689283,32.275403459370025,28.26472614963711,40.98624354747546,41.19166972418851,95.5248772672072,78.63300003192364,70.61966928853964,90.38394302605427,0,0
83.02992730466809,83.14673062957138,27.312784758974175,0.0,38.09316340226246,38.308003712530876,100.0,46.59643170100718,92.5406510321467,73.26193428055953,0,1
51.00242951812055,83.13573050863546,65.02193459537969,44.5159058222712,50.66330519425356,44.77356797873703,84.30736188353119,54.70269251588673,86.96947288161648,82.60615869966908,0,1
36.024804139985825,86.57541566362904,40.72402657040172,63.28542598228667,43.39011389532547,41.35422188151205,80.71956689282696,77.38564295709504,77.21304855941385,92.78473754305658,0,0
34.43355716534874,79.38377916593828,79.95223948479072,37.87871876447744,2.8207392473608603,53.232938453883726,89.93739863042211,71.90253696067256,82.11137504068414,81.5485035911103,1,0
27.492221506358284,85.276752289702,42.83727382410868,55.40069142184616,48.80510695577431,59.85698924031935,76.63591415139159,63.854640679719054,78.4151389963872,83.8705785451443,0,0
38.02050012713236,74.89075201792407,47.9346442876825,52.80595238940007,63.16029880543208,39.86135341204759,84.28866207458302,79.45822687531444,85.01906761403077,84.77090336042401,1,1
29.482396646348345,0.0,42.81169181871293,57.06579866025992,50.22804631637452,29.993286515992253,99.64410600663616,64.91286537555452,93.1351326394292,89.59699668178732,1,0
33.907882110853286,77.30457180112128,48.03256543179707,54.48848244194936,21.067758630913445,48.648935667739984,65.0249322390767,84.22307687827183,81.95191941405501,75.90988796442699,1,0
63.18824781017316,86.3226662977037,40.27090762650333,58.24015672827693,30.480544575148254,30.233171002464225,85.34748294421486,38.74687583832359,90.35740428983586,91.35853529502803,0,0
43.24850157829475,85.22722184827046,27.062425266734053,53.06835641131169,45.57963738119348,55.70533039579657,80.22406683951178,64.35449610381612,84.121503082938,88.24708369606778,1,1
57.40319363172419,87.54087292172726,47.119709276923224,28.212835779074968,49.2553450644314,62.671101479277546,85.8867991653937,57.358394836494675,85.95891213360169,81.0951718758309,0,0
27.321680677036397,76.98972606499174,57.517723507061724,51.543436526213085,28.11229502848779,53.38298673045156,80.38132924581203,75.1590062111188,81.8685464580054,80.24378417950459,0,0
45.629599349038266,83.26686103321698,58.289823761956804,53.171574660572496,60.03451522584579,63.578756288431556,80.40323780954154,47.297678874693695,89.4268318395729,86.6537284547848,1,0
43.26252407755182,81.79729899489062,47.3040513182464,46.4009147201659,49.450936693762245,43.196971201639606,76.92132228727215,71.0868325239846,82.6283012036362,77.71280362661787,0,1
49.601091643348454,78.8626504398472,37.459782364794336,29.480660639831225,37.63702741068919,50.650596482988796,94.11112902494895,80.3552395991899,85.87568167476383,85.69182682839278,0,0
35.89933040616573,79.03544028073703,49.30519533985286,47.816387953875136,41.70913909901293,68.00283704256923,84.2525061242588,56.36888968890765,88.00133800836196,83.81603233400429,0,0
67.32927660850436,80.87158479777513,24.242696256901596,83.39241815409785,34.02477538415905,48.08205271744945,51.038134161818064,16.882902313669153,99.80047874469844,90.91031217664806,0,0
68.70864765571352,91.24500403000809,49.92289211460157,49.26398338222734,55.55418824756176,15.084859276476697,84.2368794813895,60.42965347526953,81.97079083708239,90.10267676784561,0,0
47.11164229363949,89.2127392075698,32.173982069255885,51.15257060760398,28.94001145821766,79.13584228986366,76.03844951341271,52.736093656101104,86.57640413386581,90.04531560065966,0,0
54.70701059977525,85.40017060443932,61.88446571456462,60.66102322829485,17.012985399138575,34.43850024065269,85.30286324003713,31.711715319474447,89.9287239633611,89.86403760998947,0,1
57.09027128314202,90.83389717901629,78.7017450604447,71.37510258866435,51.78903901247679,20.106641902224396,75.1182297570076,18.775762395502053,86.7269938483645,88.62709859138673,0,0
33.152459781105065,77.8852896746365,28.813023756124544,44.03541821850598,46.58393287331703,40.75666910295866,89.9659358763653,59.41896309923608,83.17095089997642,79.47469932349912,0,0
39.60570978919113,76.02625662008265,42.596234669219626,48.557253753667226,45.22922663426567,41.652904362055246,82.87041423567491,75.75766095316546,84.93930729165925,81.00246628611762,1,1
53.703691546147766,91.69933587660849,51.07068730812956,46.19000577646936,59.02169720795109,30.517918455123628,82.00886973469055,49.964116117273754,78.4542498407514,83.88030856298019,0,1
26.23199288236973,79.78534582054434,23.930878352647408,80.16158029113744,33.78147813575134,31.370479074169456,83.18852997279235,45.05462725017509,84.70240281115277,91.93802052607435,0,0
47.16980754219337,86.17322137351829,47.687258047889294,64.11349540751594,74.78125645626724,25.34720753472411,82.80174335441039,41.56384114684393,84.73651448933815,88.60522549139628,0,0
33.386014220541,86.30903761461437,36.98626063370961,62.80659020033394,47.21136640742255,46.13296569752738,81.71601363430707,54.37241850490887,80.63391191967146,89.61730859863457,0,1
56.36361880551781,78.9597073282778,20.41669475917542,54.30659534985932,29.30514202959279,32.63547683885936,87.36670235274188,82.06364647286385,88.2556474475861,93.13913143083113,0,0
71.57535860981362,84.14650398162932,36.11233004138148,65.15677581203472,25.19631270397984,55.58878604715183,64.72624154880927,28.546918477849115,97.59529147472892,89.06192313995601,0,1
50.285894905517736,82.40945463399605,41.09369940684854,54.08241523700694,22.89093833227051,42.40152465415148,86.39692822072263,83.87508185943024,85.07585772574583,94.02492197336217,0,0
24.363123341179264,76.54780692200278,56.22596791707486,84.62909251608131,84.32709665297928,21.913945952822854,79.07541463686324,36.05521792814571,85.98364833661203,87.21089488416813,0,0
51.9063993874596,81.17062927395904,27.095053939208857,62.76125326666716,56.70575171220156,44.48360307568426,79.99604670435079,71.95258708818099,88.8467491752862,93.23718084537249,0,1
34.93882362150399,84.72446244605234,18.60594287498665,74.55278326905434,79.80678539040356,23.266146992317115,88.78994291707838,59.47685525219738,80.72204635935763,97.031332261002,0,0
30.90795740095617,64.47167639871311,49.61217163390451,65.3119070824048,38.09230244485524,29.31273606540326,81.22362509581616,72.01447671971202,87.73712980412286,82.0420584588343,0,0
20.645965418081204,83.65395821304949,64.88230636458394,38.30644400034657,54.49724215339942,59.090263836308665,85.53722550469479,47.36610582202992,76.58862467920457,68.12001679794936,1,0
39.9500622880503,86.18682348813866,70.26719546540312,74.69047773848871,37.665637348120065,16.218632356098034,87.98808811268702,51.86844874541172,81.23979053781517,96.10943676597158,1,1
69.30534746393525,88.59767998136499,16.19124913263089,7.3919803519405,33.392996976363534,73.32011993453077,88.16595952376419,71.6028472611646,86.34660095109088,77.14983464665458,0,1
53.25772692244675,89.57981501310375,61.82505310499893,69.47031190875214,34.78348531470306,13.073937265559296,78.01320352511947,6.612392651190226,86.74826193438051,83.58232392514657,1,0
47.11741898361555,85.25412948403871,27.98104667498676,55.26128187929194,49.1008310167216,54.143727874695415,79.60201610378982,62.04565561043884,85.84835666193568,89.50670044821777,0,1
52.772206905360086,84.0596685027436,30.77394909647361,50.01452610251146,48.74705221476766,46.586090458993745,86.28675032387434,76.65858736139084,85.64568560538858,92.63381001203479,0,1
19.14312147485082,83.3547220010095,58.67319946974483,62.559026200799394,23.272706600485073,83.88825643393454,83.81729573624234,62.144236399907605,82.966605714097,93.74337821362847,1,0
43.92709338241112,68.04772534357576,74.8261924983937,49.97943517383317,57.82669593592424,42.064546066456124,86.98440821532985,94.552387766836,88.48321574717953,87.89349474154875,0,0
31.484280763492784,70.77954828823188,36.633667087299884,50.48716913100435,52.009097743701815,44.28831505544727,86.6940796907869,86.18629255901163,84.36314652534858,84.16302637816106,0,0
40.92889494470923,87.75473137680807,60.45111671171015,79.16478665309931,41.581688692520444,12.347046375156836,77.95296111706509,5.6387886922249395,85.3797163172202,85.20419009656246,0,0
51.89786223621461,85.87844422463759,54.06724207825948,64.61358799653468,35.2145196697345,19.148145426107952,83.32687660644572,41.09077890755402,85.91457619199737,89.10652238801939,0,0
29.34408498617378,80.78028521708855,45.60453881698521,42.86619470764921,78.87064278707427,61.98689572960786,88.32102519805065,48.06846147903925,84.27473188757662,79.52724253802829,1,1
32.499184513615155,85.41734348633601,31.824366568423073,46.23242456398399,56.94041674946504,67.99020937122202,87.73344636055214,66.61248309533899,80.92879326175382,89.46907435482284,0,0
36.232421945281935,86.93488288079054,44.21519022786568,72.87044955166951,34.460266322050984,73.47886894824039,61.36320441362444,60.46345115699302,85.48799397436241,93.31138853671354,1,1
64.0315004147689,81.74089069506682,64.44868463470208,40.410773677381485,55.04117394613745,49.36170493711518,87.58555949755504,61.72544114798085,91.53681159254748,87.99225737188053,1,1
53.35271672364422,80.0876577903975,49.305888552004326,61.673985755882846,11.779278573804358,63.129655037991085,74.08096009697783,38.553925535460344,94.86090860609809,87.41573293304671,0,0
59.42495521528161,88.74603198622981,67.6466074711315,54.26240862013169,67.52992303280355,32.91565592049831,88.18216132467056,47.573464611631536,86.39403211372901,93.21208574125559,1,1
50.28752551030272,83.6112608921943,25.31056701916977,10.199608531597844,49.8038950640933,62.46029406348206,92.88107989626985,42.23529305529597,86.17535114855052,59.02278670143789,0,1
55.363639635657,87.49218893752543,33.24175146861635,45.00921807083142,27.265510128671117,42.6585351148794,83.06551003447052,35.03046304332299,87.11560579661305,81.20966011841372,0,0
54.100342516930475,85.70709073833527,44.82323275623339,62.58338022893773,36.94487129698968,32.08110256605832,90.71554017038675,42.08346195546321,88.82047575885544,95.87667367489782,0,1
49.64323696952302,87.64500782279757,58.745792302998446,54.71210971885245,79.0102401293721,30.12811534929681,81.65302018194762,54.545103551319144,81.91274194883147,86.52009449234589,1,0
69.09331358282436,85.87393717252597,49.47532340703047,21.621150246452014,43.72478763402995,55.133956111842,92.99908126720531,53.30062880535971,90.15617383681975,83.87629032713751,0,0
29.37022460108563,58.213684712630474,46.01484839653986,57.762197862595,21.570981968365725,35.89379009092108,94.21282790852139,76.21181638086424,89.3400320906782,89.22617876784324,0,1
50.311959712628365,89.17920468763432,31.95409375834372,63.27487933868006,47.94975917356557,21.664028367362736,88.40308549220262,41.80631072714785,82.97908635914231,93.61859691684977,0,1
57.03732987825717,88.13011215850764,42.349449840513024,92.84382276347188,44.296268478189845,15.93312208369937,61.8005715763987,3.4169854638234014,92.16951005018845,91.42307423073515,0,0
46.36151139627587,82.96884137306084,61.49525939577788,64.76447333775404,35.37837210027331,58.02573530074272,74.2106911178891,66.60948634552037,88.29603912933631,92.32849429509777,1,0
39.307609822889425,81.78941898138125,43.724193644913804,84.68084228142054,19.173568487752163,0.0,80.76452450048428,25.040611896081526,86.20403065440804,88.21482548273211,0,1
53.81448901467193,91.3696746501983,76.04096072055455,60.72866940662772,17.843041426453674,10.818666955751377,82.80322332492325,35.00116204136719,80.17384316089931,87.20900585810728,0,1
17.262010983711946,77.47994761429528,30.193811078039474,51.16652718610797,45.435980168226365,60.76270576397259,83.83350762528755,72.81611847602069,79.08319144771558,81.09887327920376,0,0
45.79040903382092,75.97323749326965,39.35836072450541,68.59234510259483,31.449238152867455,20.971386653638717,80.18545053990115,76.27115802386868,86.79661707228507,90.08840848804928,1,1
20.915651391852705,72.49226050618725,24.34567628862388,57.62847780358863,38.521990308787345,62.245549469317886,84.96875068735537,81.91307941481357,83.8908023191783,87.86798249353923,0,1
44.40746831065209,87.61844739600608,50.331070546549185,47.89190079542764,56.588709279646096,47.30739829069612,85.60279697728772,68.97814231842717,79.92728186112346,89.50686394654907,1,0
49.213077957104645,82.48997503712337,56.834109659293766,58.50056869432883,31.42326034296845,41.08061291988168,80.20884265716495,14.812759260662117,91.97881512678428,79.4054095832215,0,0
63.656715624680636,89.75659797110436,57.60478879018248,18.57310699952172,31.5211863608769,55.15070125853603,94.84828752484309,59.20363500492465,84.32395191356594,85.72758027870398,0,0
59.46371779441393,88.28360884916462,47.862778150453785,29.23577539598961,45.181693626722904,70.35432912164164,86.95204966834483,45.785280385031335,88.66023110999191,83.39149422651231,1,0
49.595782678355214,87.6052285820455,42.00971471081799,51.34214458955031,39.25101603145072,44.74428377583281,86.55414629031128,62.203374647798086,83.247604338306,91.86441726409298,0,1
50.86224658386806,89.99884584073511,48.137876516220885,55.98767233305318,60.505971427382946,22.659890588482163,83.21304048111674,65.61704036811147,77.26278131400035,90.42445126651762,0,0
51.88351194831466,89.4897714562689,42.57446626116975,44.884989446659574,33.363399941171956,27.3611250274102,79.65945654585626,57.62492757919257,78.01802059242875,79.6766544875358,0,0
46.59440871092053,82.91272350314655,53.623172245507114,43.87916855416826,44.84971755611043,57.79060483957771,84.00450889246112,34.90292759029367,89.47258069142569,78.96474453351914,0,0
37.86422381878137,80.62901439908062,69.4595527975217,71.09687298161882,46.58700898160992,43.37140490825197,83.23998198208619,35.73790878975977,89.61107846796216,90.57981704484452,0,0
28.830746255672977,79.66514715162184,39.61651573191178,21.571461952403578,64.8140271824078,65.25161701969917,93.91803119046874,50.663369097618414,82.20073104766973,66.57929797740452,1,0
48.50294148668619,86.62220820575554,22.1215493601982,44.57145094669534,39.860507064811976,51.046753410022646,85.99961993304028,65.41170779125054,83.17713599541392,88.44924129454607,0,1
62.57564908998664,93.9614120785081,27.37703333009388,53.8244203521478,41.79262571670369,10.230614621912155,92.22132221795309,57.62475269674271,77.11074214978375,96.97964636608737,0,0
63.9187973884788,85.80142975921515,47.392623793444976,52.83064341387112,34.571982903391934,70.66830708043261,72.50997629986948,61.34211802442767,92.40511048694361,91.63598227672483,1,1
63.14017672168492,86.86445833660281,38.492134344940595,31.971151521499564,33.860930716190516,54.43475208888777,90.44443366803185,59.56214841156814,87.95029816574136,88.01519276850146,0,1
44.89435373536205,80.35016299905337,29.71836642861769,43.21816196887938,59.43436270022276,72.9284198378824,83.39289450258227,48.19485986020935,90.93284848949915,82.55228546290746,1,1
16.864981685643304,75.18651145776123,35.5761711814994,65.58610219629047,60.270773749313314,58.19056223544333,81.75313093040343,71.78805841916459,82.48837002911631,87.76517724471088,0,0
54.49017539094984,83.8841307576618,64.35651291888311,48.35842258971021,40.52557983457684,30.92967651926026,91.28406172543828,89.07792952811799,82.63333027145077,94.97325500802405,1,1
39.4052256865754,77.62780964130738,33.221965785363125,36.304741656306796,16.272730948326704,54.39697427708731,89.37530373997751,11.099251653430462,91.53272987634313,61.136148684418146,0,0
72.31041599415903,94.52487037113151,29.085674213102227,48.357802440807305,49.92426330797147,25.72092179827371,78.44416402688648,41.84463470518035,83.36168396822951,87.5780063695922,0,0
39.98835662790959,83.72998965016724,16.64646777273274,9.53158173384959,28.970515871082664,51.15017432306763,96.02023291889545,27.661672516910034,82.47548974950494,0.0,0,0
44.6867137071808,90.02920443534319,52.227659963869456,43.365252098217496,67.83658851614031,62.26530327992861,84.21917990353123,60.03710746735271,80.5445452535636,88.38626128939511,1,0
41.64781535277854,84.46177301964505,38.28030813845447,62.5651839307714,31.524006039876447,36.27390089332785,84.0179967976123,43.72391891437103,85.34663685590012,88.68110187766051,0,1
31.147324369808967,84.22381167249893,49.30313901871074,44.380921036844825,31.373759124372597,53.24261754176708,84.23333210021946,54.907777746456496,79.72577019355501,78.42961111515768,0,0
41.65615120712125,87.49728138671631,57.893649295764504,62.12646023628782,73.3645432541552,42.6720487204557,80.52830973784741,42.18844865145627,83.70656486557147,88.4759384434387,1,0
33.861653773361596,75.89806633346825,26.827459523987567,63.234863565730734,24.541193244584285,60.62898203430591,81.06572331135855,29.94246348874964,92.39487920095245,83.45331185889178,0,1
70.02201285229937,84.57533853462768,45.88182312889539,19.682925471167152,21.149990350758202,47.48183451416405,93.38527917943867,47.74927607914796,90.65259002279097,79.35992899452933,0,0
44.46029098075859,93.05389369391557,84.49049247833284,58.738613508648584,30.792361581661844,19.905649472973792,83.72367683569696,45.21076928300818,73.13992741480494,88.69950397589405,0,0
37.9022664233135,88.73456356818623,58.65387732240269,59.988073535488084,15.612952467650498,69.9185334592826,72.4281168894605,56.66192742676074,82.85463487907178,89.9497315184939,0,1
61.14181297963138,88.54437655310325,55.560498233732005,12.0945051803737,53.529128655960335,45.5166867702812,97.1412162662102,60.21661263976368,82.02841952731495,80.39599937368611,0,0
54.21733659857352,92.14713796391855,39.76336122556835,31.875623647615047,59.793077079168576,84.77401261523461,79.82165409524221,23.762727389005406,87.91726459868691,78.66427415599667,0,0
38.617339241288605,87.15893371647442,30.267153463178857,55.438902189817604,30.297190851317357,27.769407148424097,90.30506336072621,100.0,69.93036960339269,96.68021279714985,1,0
49.843055867806626,87.2167864685604,78.32563457899974,65.84873270758415,54.688378705138696,22.87837621373275,86.54559079271792,57.56539574586975,83.05702578120247,95.1038516350719,1,0
38.96221729313955,84.03346914088846,70.06125117562439,55.653806520817184,58.22256275374676,52.58787294934522,82.48084222894963,44.65320608058564,85.90449613886543,85.56975310051382,1,0
33.69621804969442,79.25646040627296,57.603555174051955,57.51378232861046,34.881256857554796,49.84076502414491,83.94875039311368,21.578865638331166,89.64434056382878,78.52480058837405,0,0
39.00837520976574,89.395561171289,18.48752813733095,23.14002516944,31.303870570654023,52.89977619236623,92.78747290267339,65.57015609485403,72.47893522721853,79.36062166986486,0,1
32.95198250069314,78.301910454592,25.496599570619942,45.3941149862972,62.508024189085255,38.101019931775106,89.2835857460192,52.389162664788024,83.43450630049759,77.53409193030768,0,0
68.37621884312865,98.15426766138661,20.858989873329026,32.27623313649196,33.79939563385629,30.654944442293484,91.51946613512825,78.25966766944195,68.75511896442387,95.33646022201474,0,0
49.38997275191125,82.80699143102947,55.535103017041955,70.97713072128495,36.36610362879143,26.490768544705617,82.24221333138823,31.35888764949438,90.07160803483038,89.86013366502283,1,1
20.019681389660832,80.93888984928151,50.624046717533574,86.70059366330611,53.74176515202878,12.672216436056827,76.44423826533342,39.16404308094612,79.52216452795685,86.25025800953853,0,0
32.528717602504294,88.6224603441079,45.151298470236846,20.59238837133717,44.395340727743424,34.86077885166994,96.47239926679156,40.0864028641535,70.13675858137513,65.83068991875585,0,0
43.16626801818239,89.33512514280531,60.27976807604066,57.26119277598081,19.62384836393758,26.53224916278282,81.99758039360268,54.31721030925942,77.04779436223899,86.84180450782871,0,0
59.82371596736294,89.35753250549183,40.8495610016393,52.662751986640465,68.4893218526106,27.601788105072334,85.8946676431791,53.00600092472554,84.09740997928142,91.05397227005481,1,0
48.06078034258338,88.59650272388781,63.15173480898289,57.333236908308415,72.99920036617912,31.154460348942337,87.26650474584086,69.00206559987171,79.41720822569648,94.40083344952028,0,1
25.55734299774738,72.57039814858285,59.50549825029559,79.52902043493096,57.951379119486425,36.46062598718204,75.44242369727552,45.977967967487096,88.38573598062018,85.37619147338587,0,0
62.370901340107096,85.83016082904268,52.278584004178,25.490402466058793,47.81588229684422,61.121839123788725,89.63187262950784,48.4186830737787,89.58567644473621,81.13697855131615,0,0
45.84477745638418,83.427232627698,55.5794266225088,55.76671079815226,7.69776397750007,36.03813121120532,84.40755123552147,74.09805769443061,82.91462544536131,90.47822232337958,1,0
21.017290357235957,68.75284632680018,62.79764910063814,53.4431741370366,34.563474477089144,54.058346837798666,93.38865782495074,60.412582867703236,87.02504576381547,86.3480165713265,0,1
20.042113262622262,19.453390986206,62.778876877977595,66.48988111244262,62.80769798131429,15.994029610202254,92.1843501931679,55.78167950642015,89.92568495436201,79.52369609451625,0,0
57.345404651294544,88.12645948442197,32.78055209282427,27.309528938666062,42.73768357874983,65.77022826366749,85.51328269244196,73.22326932075933,83.83378161893896,84.42356021006468,0,0
52.1733787361918,84.57794133899887,46.48901058002605,60.79756057916201,41.53174935898388,37.436544494808395,84.7042860134868,35.9125168083027,89.62738930780235,89.73729315315757,1,0
18.58355995096228,86.2957027562075,54.96252608533635,58.122345421401434,45.32469646948179,70.68746567555397,72.75240652209264,61.36398333090543,75.84396593144163,83.26208446711439,0,1
16.94413662083731,72.26857287247144,48.037692679523886,54.43338156386982,57.49279490890869,50.66215692941508,90.59043653823645,59.743983466280866,83.40725514765909,83.05814410423916,0,0
73.93878727041195,87.77802034570647,21.929432385677,77.21442116048247,56.36123891838739,52.78922221362327,48.3426944407021,39.4548694657972,95.98801764912564,95.55726122081838,0,0
55.27531910964735,57.51312675975902,52.25318784809056,53.87945073662017,59.5476604121178,11.90330896059471,85.11286465911964,93.82332590036484,91.34463094128172,83.59607467626454,0,0
36.47720863945561,73.99633718666162,38.46586227979565,42.00200586557442,26.2313308200263,37.46304453933109,89.16285083232242,74.30904507409322,83.92449521482229,78.80536807788604,1,0
44.11947220021165,78.21873953036895,84.33372705359771,45.68056046445417,39.29990370062441,38.92356494425522,75.26178227118562,84.93830133686822,82.76796350204489,76.2532111613038,0,0
46.02971414341089,71.15177267853477,54.25644142619358,35.69366827391574,73.93374445032343,96.33470916003843,83.24348585404313,54.701126427327985,96.31481736037784,79.95709117439127,1,0
57.08098922049412,90.23523274742507,71.37599536653603,58.62993601822556,38.8040473313468,19.078507994140484,89.46555949957411,44.170620847588566,83.21520683730274,93.89598528656751,0,1
43.62372668561326,88.61265884579966,100.0,45.965908537611675,39.637551381086226,57.31944885416296,84.08212078041679,64.27553619551367,80.56078380353804,88.61613118003355,1,0
78.91580172363105,88.97641084925293,50.773770623614276,44.58192749497802,35.58044227277523,38.90687208309903,89.71693284680454,28.921239869984124,93.74809421874426,91.91955630986443,1,1
48.156740362831016,84.54938708147151,42.21564509215408,62.036822655810965,15.010452938360409,28.594956353567486,84.03315313258733,39.061800941441774,86.90027911981447,87.86060495265211,0,0
44.10603680074469,84.99971070598914,30.27302626731217,69.80723024983287,65.88462158952332,46.59666510433414,76.00293021394019,35.11128989634684,88.7557778446511,89.43093327240378,0,0
17.587456871723184,71.81696952800952,53.807642894610005,57.34588303189454,47.2913814679713,47.557057966277554,89.49272945830893,53.49575293489834,84.50599970774496,82.07062134410327,0,0
29.56819109914461,81.43465962882634,26.53964490295284,43.49222113405419,26.54668075099095,58.557580863048265,90.72807247238008,58.9875609188798,82.2834484681548,84.55884410634592,0,0
20.711027649153014,85.00987604790818,40.850531697232505,70.60166655648004,47.85403648493234,42.303449800906826,88.19108624437314,63.850922570738334,76.0171189118929,95.35869514718557,1,0
33.80834853631863,71.42221667063336,56.05414812063692,55.77708173562807,32.4669574911298,38.92721798303695,79.86406341542143,80.1386718936025,85.10870643709617,80.67353027059784,0,0
67.18551702110062,82.56484196245081,75.63479520710365,31.81083203797566,100.0,43.62835685372797,91.05159571138405,57.87956245585973,90.8633643875261,85.00262085515044,1,0
27.149129166219097,71.30852247888214,60.389196189954696,40.96645442497482,66.317652021946,38.4446134343818,93.65208681196377,57.094109915482335,84.33904631642685,75.15599311680089,1,1
46.81165489905717,86.78958731605472,47.968877115044364,50.52546464888076,77.15331549640327,57.923406172180435,83.93841771473176,72.75099692083829,83.3488329381921,92.43999553268874,1,0
60.52969086233845,95.99727835784942,37.47088800966052,2.339128350989652,51.63407448624739,89.33261812931983,92.92850951392376,31.331463350641137,82.61910832561745,76.52267264317582,0,0
47.682049590075145,86.94141626862462,36.74089862888857,39.4327380904014,38.885431934905824,39.68015482563822,87.47027988719873,31.8276617245144,84.27164658849684,76.34087712389231,0,0
24.175031056960115,83.53291107096778,24.47254144377583,24.666245071329076,27.709760650664744,56.0142418488306,94.68611630019298,55.05965218392195,74.89327588308596,71.04991901528412,0,0
51.18055575023289,92.11039431670491,60.49709744898241,29.253968518518132,60.590961800630616,79.10906929562019,85.89206998008922,45.52077379537158,83.53890635725847,84.32462387018623,1,1
64.49919587127461,84.15591046957317,29.980301153968785,56.10985012652658,42.74334091111699,35.38345878409271,84.93972599925677,34.854847899697376,92.82829198205927,89.48855950731902,0,1
21.68914622558328,80.06531712029057,33.024892519743375,85.76788257339061,37.31097363257967,13.657665166966515,79.12886885381786,52.42713871889748,79.25586028935744,89.78281565046396,0,0
28.22966470099788,83.3624398812057,39.754087306675714,50.75200576250103,30.02782355654327,77.4170884673961,84.01415222644728,67.74097996478643,82.83201588021637,89.26623735539206,0,0
55.82599632892348,87.48228797974271,53.06338930141421,49.14807229257967,69.60757950085916,46.37371033388737,80.40695176375806,48.211559356591884,86.75198886735136,85.73280257316101,1,0
71.76332836831858,90.98251788206777,63.668777951795704,41.88822500017637,51.16271244010841,60.11344214161657,76.41934636840855,66.35853930298063,87.90947006481825,90.68514178234327,0,1
49.62533174665272,86.80955618866287,29.645629162425752,42.108015661108055,55.25443961745006,46.62364002407604,85.28414268255435,38.198571193548744,85.62469481285714,80.2747289893016,1,1
27.11107056590574,87.67381179997929,32.41182260575638,38.43984095551283,43.97796415364289,59.92428589429487,71.19292392444756,57.34093099215249,72.40173462559109,60.60820496363601,0,1
42.91003501967863,81.64167229334782,56.790470753556946,34.38634816439714,52.07580210183094,57.712146411005214,88.28308562396828,36.9559218995173,87.89529534450361,73.29190709106089,0,0
42.83339160570308,84.04502017891782,56.635616112461896,74.2273617391773,34.228178890239526,9.729970295494834,80.63104784191397,38.3984839294146,84.16712616305664,87.73858151123572,0,0
55.449593730771184,89.38821066703669,40.63654930399523,100.0,20.618627287506865,24.99923147454841,52.17423969084318,19.52931082602402,91.0652390653216,97.09968573053027,0,0
40.430073296414854,73.0591538006603,31.219546373669928,43.11808778297532,26.391471345567535,31.84216296571275,72.02828435000815,92.76032357410506,81.55773076863905,64.9236243789418,0,1
26.01466612084678,86.66673456257894,59.672565865961104,73.45877107597448,8.44047309655038,58.139014615553904,71.42701897159175,39.13246676450921,82.53703233948711,88.42519573449484,0,0
26.899883025046655,77.77847650460374,43.819457848341884,83.34422307372401,21.441273315986003,23.6217594277405,78.24179530778002,43.62388646458315,85.31600009166823,88.65473695393669,0,1
45.011049205839356,84.00893024362989,46.97036104642831,67.40691015001704,56.93134901277952,22.4075170122297,80.09498589414734,31.219021520332767,86.68853234907994,84.71697349428639,0,0
46.44044553696587,87.70078615034808,35.18390447656632,62.99821116502926,55.53033790981801,43.969376182950256,79.59332338233052,36.41677940016717,86.24839473619087,89.02066091292808,1,1
57.47530098436619,83.21512379962499,88.6443931867926,44.784382693487125,44.74220072580865,36.85046213321289,90.6251198544776,81.55307624885941,85.51923445435324,92.90139385014899,0,1
63.41203847109795,87.47819646826788,14.920910295130268,27.068370322706574,62.484641748761796,62.58200314295359,89.72191322692362,49.738887015100296,89.00875810041158,84.34965895514237,0,0
21.98451490587305,81.65339118135158,32.44122431060815,41.76079197465196,59.93987327227158,65.40885646970874,89.05925853413238,60.02156973464216,79.46710946923446,80.9752355207025,1,0
50.448644791155104,88.93108053936885,43.03588126550376,42.06645971324055,16.27602071021212,61.29138882190921,86.55755869241686,67.23956140051884,82.90608201184102,91.15813588626503,0,1
40.232256357999745,82.70101273126055,34.56911531642039,63.88703558969452,45.382091931316346,33.01459060357072,78.04139736542595,47.11142958350904,85.01165040529236,84.12515880218876,0,0
51.03404844045746,86.20790796714667,45.70746664376203,60.31380666190962,44.249345794923045,27.770478971701763,83.62138058537064,47.5425060023532,85.26617746614504,89.33273621838619,0,1
45.8010395705217,89.36312483866345,57.197517142787746,53.50939723199729,42.356219531118846,17.826194773392007,77.07369815942157,62.16613659159545,73.84499175318399,81.1343376738876,0,1
46.312552923452856,91.97084704933593,46.00271307676669,39.08544533157768,11.852581092101811,46.88605885693919,86.82243664458083,69.83825067509571,73.50845195697741,88.0949266177218,1,1
18.456657833846606,62.469057691199325,46.45128216718209,59.91868377319799,24.0498692989329,35.87156720579301,90.40577355295079,56.21764992245887,86.75364363565271,80.3798515579605,0,0
32.92813836160517,81.56126435165443,27.67162484328572,42.337855462682676,50.32762919446549,49.57934559181272,89.36540764444318,46.02829516148505,83.37010748808402,78.33356757055807,0,1
50.966155430292034,89.60339295870367,74.12354419297431,35.484509544516726,69.38204262511681,64.70890658737825,87.0328587137471,57.93140250933675,83.18257764026296,87.18489339559059,1,1
56.242555996656726,85.86163679875112,38.06566389028665,36.38228265909308,27.883171837352194,49.60269461679742,85.5415559625235,28.265903380168332,89.29516973219917,75.62363710899523,0,0
74.96644313514449,96.54461897222097,40.17460920108486,30.09363477227891,32.78100986552329,24.585818219454186,90.87285582045942,70.61684125107203,75.15837324842884,92.14654118832478,1,0
55.128374234650416,87.41394344652892,63.76154120295916,54.86704367670927,55.23419726900212,40.164308687515735,89.40536431460262,57.181449107086834,86.16116117027568,95.34456182948595,1,0
17.07611622994927,76.75122604546074,43.26167197686828,40.9829108876146,56.49861167450697,56.69990579610336,90.59819235369618,54.45966616466254,80.26412298698078,73.77092078592047,1,1
51.41471805598997,90.71694948726552,61.84070799660758,61.727668302890535,41.090247805406875,17.69452654391486,88.56535653862112,48.7690758531115,79.92565700238721,94.27115225212029,0,0
53.2732990091747,83.6894593504794,53.491985528604346,62.70348360346656,38.516580814467446,35.369963155148994,83.04776811408962,38.978080556391966,90.09598012361711,89.72349586124616,0,0
64.20787326726713,90.99785421013458,72.04345527044454,49.6414979880489,65.39067596404394,30.381229325939668,92.28445368381027,51.783627625074146,84.90031406999972,96.13142124613971,1,1
51.4129553966568,82.14466336219733,59.706765198773205,40.82654273905508,86.41852024590499,45.166362198467006,76.57719786393056,88.89578267489019,82.67865182158917,80.58361684753818,1,0
53.6210242733317,88.51299159246527,32.805802031642315,61.912236701332226,24.135198427132213,51.70041496948824,74.62052449442103,60.865571815288554,85.98024204217936,93.0912513663978,0,1
34.236524668561785,75.93553739606345,45.561867312992476,52.47016193789224,40.65024082209912,46.415397057414765,84.33908270161704,73.25149631176447,84.76392632196564,84.04588489385024,0,0
18.345827744638562,72.89995224920195,24.865888144041616,69.12889339523106,42.43510601081446,57.755655778264405,85.23406689684425,73.82447173792887,84.8223426169153,92.09241193274386,0,1
21.529619119350908,84.39831517517793,48.17978584294122,65.03579901004214,40.763855561514696,63.08096997172486,72.2141027078378,56.20889157781911,79.82341544830514,85.02656797612792,0,0
81.82414739690286,79.58025192231479,40.00353216905724,20.825406747540065,41.87807801666403,54.83684090196629,93.24530590831287,53.166035809314906,96.96579702045102,84.12795815457255,0,1
74.43744081884952,95.4803148041328,29.211344586736253,39.134966242430345,37.89014173423021,25.97401012852614,92.8692619421245,62.610095497563535,80.09455969597215,96.60921389456489,1,1
29.435847725724468,79.55117258594969,27.61914635574633,51.954542718490174,59.65989934326418,63.41977294432945,85.10221011557229,80.10481140992158,82.51134084009593,89.01511197576795,0,0
0.0,63.75243772262189,72.28188718604106,79.50327566192492,54.14003853539037,53.11909466542004,85.09722518558443,53.69965125713417,85.09563955880967,87.242900203659,0,0
49.616556698950085,89.3216079128391,60.81265512183553,58.85573385747881,37.16801205726138,13.81481224781965,83.38795607471043,62.26860941144486,76.79920507496463,89.42847298262991,0,1
49.04195201354336,92.31959907090571,35.082965900790356,42.94881285326828,18.505051806595805,42.56860645592519,85.318877979813,63.14535745584335,75.37160731862033,88.25791374053766,0,0
16.61758586951713,90.66908822703694,40.86198974317096,23.670806809246955,10.954929397368684,28.63970890543335,98.56546685566558,55.99615519383113,0.0,71.77441687984303,0,0
53.836429117229954,87.01611707942614,38.9087395479757,53.836319524742684,44.135251312994434,46.18546662319269,87.4747796994303,49.47220444368984,87.45468555555347,92.87827364190328,1,1
44.71841253557072,97.21296528400138,56.361773345083854,28.167784355554172,52.48920476967174,95.18285575646416,84.59078385578957,43.72261361053662,77.05705515445148,87.30408284584746,1,1
25.50961938390422,78.48266688722195,58.839214702483645,65.7191308835621,42.64834872587122,45.427813737435976,82.35239933146033,47.76156161625194,84.83600653344271,84.97700868742437,1,1
52.03710649378381,80.79963396250398,37.352096644800056,34.202125132214476,29.447741969242454,42.777375527750706,87.73958209067428,70.60206902386768,85.55954196553202,79.99877303980242,0,0
56.52833682378948,76.00329574151868,68.4782377936316,65.47633368077584,35.847704223315105,42.60812944470217,76.36868768630801,65.23489500791167,93.38585122008286,90.85704909811054,1,1
29.635856309308096,82.27361015504829,47.08007784925734,77.53354723900814,31.740192919182707,15.964751328316224,76.72249361176323,33.11569301931105,82.36059215168757,83.05111693268726,0,0
18.68440990658274,68.67687386900198,24.324148031386834,85.03509288176448,49.835114210435286,28.66899977422312,56.493467024706156,26.65828818909369,88.77797406520787,69.11592678402629,0,1
33.45032319687569,84.29713135911902,58.79001845071314,66.85825977098158,35.05847264076488,22.796417296598953,71.97183196059495,52.548812173996474,78.52486423239597,79.9652627857081,1,1
16.379521172174982,72.28694376447386,20.682336106997646,76.44739285849208,52.79762958865093,39.70032840724541,64.15469477059116,60.94790672605903,83.02028329928504,77.92856447951347,0,0
40.029629555177046,90.82238548068962,0.0,41.61832809096411,69.83606177414981,27.706496581342687,90.07988909679459,37.78169045723244,74.09273906012635,79.89483872322293,0,0
31.599940963053818,88.39559669925762,33.71154882398058,74.54712562619295,54.82139667531426,2.308419876633632,80.70201891916372,59.95978787385632,68.7273600920523,89.49505983855836,0,1
51.40030586541676,75.71593215932285,32.33709997723066,65.82621040813841,41.52116522638909,23.329204869338763,82.17803443345525,79.20357873807018,88.5572401981142,91.84264382704043,0,0
43.112836509434686,92.14050820848269,46.88194440577554,40.30576929419048,41.383397404585295,17.2397599442563,90.26773558132207,33.04549604894213,71.91129422766687,77.30581889941814,1,0
49.27836629054667,86.8296963386437,14.539969780880662,61.79492272110324,60.9076639686643,19.10592446894908,78.77881204509264,43.549727725941175,83.07053029354798,84.38900381177037,1,0
28.25534581636107,87.16610307003975,58.173018249223496,75.96235040468056,65.1025771812926,51.282681569025414,75.5803550580773,94.73478130367543,73.96798577694632,98.93257640821724,0,0
44.449005931220526,76.09133398497983,23.21038771646499,69.37858612665117,52.36914363453066,44.8149952082956,85.66521294189361,40.174532742899146,93.47112297792054,92.1814680185885,0,1
69.05407273895325,90.86659862462733,47.81885119087658,43.779092097518465,58.342452625516316,43.6540581475602,79.37381470263117,37.310188071689495,88.38791415777257,84.60464074988701,1,1
69.50481491793337,72.22663994652582,56.2464714773936,52.68111668894132,48.691565014226065,40.57289734087114,83.29848010257226,62.570008825425305,97.1109572280965,88.78063146003004,0,1
44.278517377516906,82.71410373820474,55.98853498959811,67.77484129027727,0.623455860844871,20.691534496667618,76.32401873790926,26.371237157315896,87.45135055757717,79.91064089958981,0,0
46.710074369914715,89.03502411319786,28.076175532692986,46.06607843488321,33.54747247342907,58.026669446986034,83.67742552710813,59.17169443811346,82.22145595694104,88.67628516109234,0,0
64.72654032660628,91.33068948857625,50.65327528686081,41.43618715920072,57.207425431509705,56.62216339157,79.96452944823466,63.881315847254605,85.06008421249783,89.83668306295246,1,0
49.07750665274106,89.45211755083233,42.172161240836616,55.87893698113875,8.616547194195208,57.67609274189406,77.69874505673569,72.27967685739355,82.16270563716452,93.40438191353134,1,0
43.782244468709834,78.90807332388243,37.325220372637794,54.43394894924517,67.72443874103978,61.04058405537176,77.90623365379689,98.12616408955297,85.61811706292727,91.68229759602346,1,1
32.46968812811607,92.77429340132616,33.16286765546611,49.185294610709825,38.02676667013991,68.08802999128912,81.77329489743526,67.31748266476818,71.61300079236231,90.91391749121756,0,0
41.83151289171085,89.82793803957514,34.19356139215228,45.31766946684734,43.245263509761415,44.61721712623643,89.9549156699927,85.08064407769245,72.6786543171166,93.78681704179938,1,1
58.20074034729602,82.33388056183566,24.650646938725025,32.68836117309583,41.92422812065476,38.74466391523331,89.29581155525592,50.92444043849989,88.22322800005747,77.92668142591687,0,0
7.147673489437248,49.461183204887476,35.68323895911558,94.40220727966592,85.85397864541254,43.47976722574466,66.31513014597085,21.09773998021838,93.35256540424528,76.60461368552858,1,1
55.48436775016923,89.83352843462661,30.36953302887208,29.69141390165713,52.03547149788159,76.94101741383133,81.38267504010498,24.051606124507813,89.00073059439423,74.39738661526705,0,0
23.119499791367893,80.23539451219432,36.801691613613954,41.3810181161082,29.006007509486132,68.2308672634255,86.27642397079718,81.14116947665266,78.18147135941777,82.6419556505468,0,0
34.25523910923338,79.90255633262039,53.521683384569286,51.05198077746379,52.99328909312929,38.913853434344944,77.72109372207694,71.71488313694813,80.35526993117493,76.95606179504433,0,0
49.597982261454455,86.07127885646862,19.88004424950191,49.20603704896408,41.08228421931604,54.16546699463558,84.72605530644286,69.73051393761311,84.65165718264048,91.47660960016744,0,0
29.247059139112565,79.8477730947123,19.815847884788358,49.47786502815972,54.78416813131235,69.24421350754673,80.57833197535867,88.90604105890822,81.2395384851048,87.00084279803421,1,1
56.91273528547672,86.49276895121191,57.68639761367964,30.795766135315795,75.59944605858774,50.02406164534657,91.41749521431215,64.92063424267144,84.72778028200476,86.41512185036916,1,0
26.390919290958024,78.26987421359146,22.923264613336833,87.79376682939419,22.56701484333896,9.944311060016235,78.89863800849339,34.449713005025146,84.5428688652958,87.68064520148857,0,0
45.3937235046443,82.65445349750748,42.84816937032684,65.49050722506855,78.41434438157437,31.70303621750479,83.61757942951175,87.07101163851769,82.47960516876122,95.85710333518702,1,1
52.8087835603769,82.78094633483649,54.67782854176885,86.36020000439704,64.94147111283998,38.47381149840851,64.05142783539777,18.9049732148344,94.73544807682434,91.33637195871485,0,0
32.58732975302859,87.38387582654448,40.38675774230177,67.78508846500172,39.30030531743408,63.17661084618279,67.27091318324543,56.75096257147983,81.90232358398465,89.26547188097005,1,1
46.70802851802947,65.86399193403915,37.06747968585492,78.17664161271568,10.549566992558837,51.66583848181752,80.61653488148674,22.55470130103227,100.0,90.2416834544694,0,0
29.878254602601896,69.71575374578623,24.080244054787148,69.55309147176465,47.70416743256847,55.75672538600287,71.61430171746703,36.06132987765493,92.78664171011839,78.19900833443754,0,0
47.4021350450355,83.12403495652538,45.88053048762302,13.694974264500958,58.39901871626573,77.27986464548913,91.20666474960422,64.40466659029508,85.48559969989029,73.41853392698725,0,0
46.37112466842404,88.95983977758893,52.64112028280695,51.47130785022791,18.323748121932802,61.68418810274068,81.50567925096513,63.166575205915265,82.97379353764696,91.55005800959486,0,0
38.04442312222716,80.37555454760385,66.62592650499339,72.00441250780304,63.205611942123866,33.13924093775746,80.89013696211192,37.73790643762209,88.20031059739706,88.00544727301302,0,0
62.46915487687846,95.77512873995934,23.549333220723877,39.520125969932806,57.93083632409771,23.416176250063067,86.74046246548632,64.69861795859083,71.86726926238698,89.61372761207814,0,0
46.99348145552775,89.44492277992025,38.88741451430807,42.63447428728686,47.97526763122757,65.33745207927753,82.84540786143604,54.03857429313798,83.18290049107834,86.74516371616046,1,0
40.15178327902451,81.97636012814947,27.94557328350234,37.67427652304639,67.28338336695255,34.92872315726163,82.06342067183469,49.636653347317974,81.56282463106399,61.258024583663364,0,0
55.4795930697956,88.83293909954358,36.86148536037731,39.65479844408572,38.54414050702829,74.66762087751994,82.5886607438961,50.47227479876194,88.11933531335602,87.78627791843775,1,0
63.31750666250143,84.34551280761389,68.89986392812293,31.274264540314373,48.70438510610443,46.97656232452741,90.99075588912783,59.16440323395271,88.77510203731698,85.2934608128215,1,0
37.55651947286609,90.24607641508821,45.37912340402803,58.451948522449534,44.407692837047406,71.85383814296243,73.9553024327455,58.18387848090413,81.13168547559441,91.02909554444174,0,1
30.583835888094356,78.86080724205044,45.693085733128605,40.504952321285764,27.79113852590403,67.70766270971542,93.71535717008442,67.32476894006389,84.73829294967776,88.19729493637092,0,0
53.96712830897583,85.5384850068185,34.395722247703524,70.05727896871919,0.0,42.231197998016725,73.92475477960878,21.65471226095136,92.11848471949246,88.23761718291696,0,0
20.995849418365793,80.98598970044984,35.60320854661836,62.32543929311459,58.305117185862656,66.75472836014274,71.62937459333702,72.00470031655097,80.4172867071059,84.83339095382307,1,0
62.761931856450914,89.21482126943603,73.6598019444669,70.35668483651168,7.627453860610254,25.506490420590694,72.01188875182766,16.117236231557566,90.61524146117839,87.60325633672076,1,0
56.68373424266736,91.11565181242682,44.05280778221742,65.3426635013244,69.38836915698141,38.174599532416245,74.37034112477923,47.54003459021444,84.73725849304061,92.58916627436362,1,0
65.52051411010609,80.71625046565563,41.74905236370691,25.059229124830622,58.77407218768253,21.181689327798633,99.01704172417817,89.31737191097623,84.82942257496269,89.33265362408538,1,0
46.67985739037346,89.58448872263352,50.00437784719344,56.36747032361138,27.237405476757253,20.607653251057776,82.62979556128212,59.30876676820295,76.31489640481847,87.54093604193642,1,0
27.67409351955245,90.57439396186277,40.84583933662283,31.81143317914027,0.011022207217619833,37.51296762741853,93.98158268750244,51.427480500212106,63.828874428302576,77.83068849970088,0,0
57.986414952483486,92.99186645881204,53.16708271994911,41.41605468609661,16.137248265468568,39.32036510616922,83.8753469312712,59.93651881639129,78.26077180172621,87.82576446073294,0,0
47.13592054562433,85.31891655172065,29.938323065230595,49.428791276908285,62.515489032356754,53.50355383219407,83.1087246161318,64.84994805634355,84.74238917253756,88.6579719669887,0,0
48.13205396439589,85.61109515822397,44.51801154653296,62.435141812395564,24.746739257198673,18.59613816182972,73.71627860353735,34.40918787226264,84.52133675203383,78.09901867787968,1,0
74.01132649458168,91.6558909908131,49.74180701719543,50.18280688854267,46.592406152158574,20.838471630171814,90.80042963895009,48.36265889978276,86.67846987886448,95.74058802546462,1,0
31.665331630752313,85.24778982325739,39.392342634421766,72.51897857016212,55.59516835945747,40.295490170227474,75.26164973713814,77.67096967085645,77.66432636915604,93.26228476842768,0,0
38.50860217778716,89.7417207908544,7.706303683523183,55.65669862975948,43.91201971505386,55.27017416998128,82.81218027164579,76.8624320281111,76.31519886737941,94.10905013210457,1,1
18.208987811016282,51.801789870683315,59.48355639019757,96.24614385837131,22.598716032401313,30.904089608893887,60.015821740265686,19.820731821081086,94.7953907340588,76.16305835094637,0,1
41.45346704805723,89.25837343069409,54.81392042953708,53.99182490471727,52.73543633144229,57.858707147976155,82.78077313570716,74.4850096410002,78.87596041471994,93.72189768363161,1,0
57.518300258694424,83.77130121332678,27.6992765334298,44.94471799798424,40.82609273148541,40.58498442671943,90.22562531819145,80.12027423576401,85.84625309988729,93.28993618194652,0,1
51.1690270464439,83.07824657702977,47.02744460043153,54.36018368309637,72.98548847719915,62.71976739025157,78.52579787278916,47.75531181312257,91.12883908862952,87.53706244693026,1,0
61.49942176762395,84.39187390191482,54.544297165506784,67.93190962522091,41.5187672608611,48.637351844536866,69.72762224396445,31.360835644980117,94.3557029351066,89.28788649538593,0,1
5.019565535433209,76.98559323029833,36.605356898183196,63.92731749346909,26.16674420357637,68.52765093494327,90.52199936347326,43.20543116608608,82.65300015225641,88.21154836891135,1,0
25.41214857973645,88.81365765176214,46.91865745187761,78.60192526657345,64.73804944300367,66.76605879915607,61.36210788113245,70.58203334634796,77.62127294423735,95.088183920773,1,0
38.85775361885619,89.55888047209638,40.190774320356404,57.11494704393826,46.84083509784473,58.86365501459764,80.39419050613857,71.64615931465227,78.33604185843663,93.32410717404876,1,0
10.868634697654112,68.60755289226313,36.13768541008995,64.25493659452115,16.501544363709556,24.587031459023116,82.51059798051108,39.36537668206917,81.9162664124365,63.63300830057261,1,0
43.719606079300384,85.97782700517241,70.20377764354329,59.73506522254112,44.90056713944041,43.31110251222983,83.61252009871684,81.31860092493507,80.72048769500918,94.88581689627804,0,0
61.16115521377743,89.56315299807872,31.76955143754786,48.42704494896413,22.515544886735594,34.35378885520542,84.95456728818678,50.31743143580354,85.05215231898528,89.1335724587545,0,1
55.34645102841338,94.55839076435583,28.177988257904126,42.813792229261225,42.77787494263222,16.916280487393134,86.44310092718455,45.594113686500826,72.65945954467813,83.97841930038518,0,0
28.0154176443573,85.11406736856276,20.169786120258486,83.14978021915618,46.76710699718464,57.69344414139342,61.01955235553981,75.53844493350199,81.00544368258448,95.5841391607751,1,1
55.52919242513116,82.47666789802275,34.176782399334584,48.126782770232026,55.70873608428643,51.35017325124348,78.37872370454197,48.15330483568841,90.53510934918312,81.75306579772787,0,1
69.28101017649628,85.35755076561723,24.217070956595077,30.613858608457615,40.56486667633169,73.04123662872863,80.64506909163633,54.31197956142633,92.88827569242596,82.58689393389093,0,1
50.63357775572309,81.34054792523105,0.9297886603483461,73.86525802774571,56.12017152700118,56.89341657045631,68.26100432246999,64.45509349449529,91.58972571545551,94.66335648389564,0,0
52.26900195331986,88.47578097554134,37.27902937427402,59.12390580049812,66.75822736963704,21.083628946485256,83.45776490267592,51.36666051307173,81.95238640092458,89.37468358269865,0,0
46.47381478647932,85.35434859849418,57.68318279378764,58.72162921679551,75.5457412748165,53.329997535382304,80.48434783656658,72.04913798229036,84.81041003032385,93.2130040282689,0,0
17.292333712285497,75.1350866567255,22.993030482419652,44.300700740484224,68.8298579285878,57.76159597407514,95.77200809988865,56.88254424410902,82.45051820721937,83.93010319761088,0,0
57.89226654798605,90.39147077699837,41.441876506220424,61.66356095717974,38.75426693839585,13.964599253207604,90.13807804966685,55.87249361813258,81.55722586099154,96.90003920992682,0,0
38.82789002837906,86.06594590459586,46.418062893992364,76.26077305776057,40.880687801141015,6.236444052072108,83.84150946720654,45.743842387463665,79.79635118252452,91.51102011667342,0,1
79.68395138515159,83.16880184061345,55.29710128469687,13.592244225898542,70.0207393266239,59.77484418758397,92.38472687247345,34.670728132245074,95.95903633600567,75.23263436806916,1,0
13.231592910144615,79.43672096829661,29.034335614228716,63.55963088861787,37.01984491947214,73.1375152731695,86.9889910604193,48.52613823673868,83.9344408116495,89.74577214682633,0,0
23.79164318129566,72.66514343037893,42.274548102545,81.11629198135904,60.792779623318715,35.8689470250208,77.1917291435839,37.823019766048645,88.85907700622306,85.36278632359945,0,0
51.63320325630748,89.33427014846568,58.53358594325516,34.27684859619868,34.8375898011436,58.18936783337134,88.11809290226368,57.90657996264168,82.53696319420776,86.0694727511865,0,1
37.85389467289887,76.03741543764102,35.16816127825057,48.08972157758548,39.308974160847946,41.530745426972246,88.86749492208685,73.72033429228095,84.94899089372888,85.23334818057549,0,0
17.705942593780385,73.63974747033369,24.494119485829053,66.27379075412615,32.9409087334909,73.18093699656781,86.88602665259938,71.59081241127943,86.52282012590706,93.89689720200538,0,0
44.22906564868585,87.45825427512126,58.93801097330829,68.19436782974716,57.1299993236321,34.067548714171245,78.69048853414147,40.46140737035331,84.39051780186738,89.76167196486657,0,0
24.943764886441805,79.72878570058953,52.32488316821288,62.40701630825486,56.90048831129969,54.88578097481411,84.62551454135219,65.50688792474375,82.75830739833269,89.83928434027813,0,0
32.37162565509238,73.16217538443972,36.163662226333734,61.78101537194014,77.27006326046435,79.48559283392959,79.86073185886,48.38418103882284,93.3824424221606,87.5948912128792,1,0
38.8586850986773,85.19989992911317,90.73431614552311,37.451876202248044,24.785567293071338,55.901637476054965,80.82208181458674,70.99363451244251,78.79402923095793,77.14344259923375,1,1
31.218414783919396,79.37265049550977,49.181139509988284,52.887378321364544,47.58065223481855,58.234046510867266,86.3624994783531,69.48194431313945,84.09280366490131,88.17080186674933,0,0
41.54626003607218,91.15957835610425,53.57885236390128,57.82819634982632,11.955847912328686,53.583459773588245,0.0,66.32571086929863,75.68343294245511,80.10459399874776,1,1
100.0,100.0,52.71907783850065,13.704375537914595,51.123488980223385,41.12047858096402,98.85349438429219,68.90254056971776,82.81498704103697,100.0,1,0
61.77951742964844,83.80587291180579,68.70327195624323,30.256936942277495,39.696538565695995,52.4614962831018,88.50760234520948,48.20358429146466,90.15382301286078,80.05667598590126,0,0
