spam,word_freq_pm,word_freq_857,word_freq_business,word_freq_000,char_freq_;,word_freq_email,word_freq_re,word_freq_hpl,word_freq_will,word_freq_lab
1,0.0,0.0,0.0,0.0,0.0,0.0,0.0,0.0,0.44,0.0
0,0.0,0.0,0.0,0.0,0.0,0.0,0.0,0.0,0.99,0.0
0,0.0,0.0,1.89,0.0,0.0,0.0,0.56,0.18,0.94,0.0
1,0.0,0.0,0.0,0.0,0.0,0.0,0.0,0.0,0.0,0.0
0,0.0,0.0,0.0,0.0,0.0,0.0,0.0,0.0,1.6,0.0
1,0.0,0.0,0.0,0.13,0.0,0.26,0.0,0.0,0.78,0.0
1,0.0,0.0,0.34,0.0,0.0,0.17,0.0,0.0,0.17,0.0
0,0.24,0.0,0.12,0.06,0.0,0.0,0.18,0.66,0.6,0.0
0,0.0,0.0,0.0,0.0,0.172,0.05,0.05,0.69,0.16,0.0
1,0.0,0.0,1.68,0.0,0.0,0.33,0.0,0.0,1.51,0.0
0,0.0,0.0,0.0,0.0,0.227,0.0,0.0,0.0,0.11,0.0
1,0.0,0.0,0.0,0.0,0.0,0.0,0.0,0.0,0.8,0.0
1,0.0,0.0,0.11,0.0,0.0,0.0,0.11,0.0,2.0,0.0
0,0.0,0.0,0.0,0.0,0.108,0.0,0.65,0.0,1.97,0.0
1,0.0,0.0,0.0,0.0,0.05,0.0,0.29,0.0,0.14,0.0
0,0.0,0.0,0.0,0.0,0.0,0.0,3.57,0.0,0.0,0.0
1,0.0,0.0,0.73,0.85,0.01,0.0,0.0,0.0,0.55,0.0
1,0.0,0.0,0.0,1.36,0.0,0.0,0.0,0.0,0.0,0.0
0,0.0,0.0,0.0,0.0,0.166,0.0,0.0,0.0,0.0,0.0
0,0.0,0.0,0.0,0.0,0.124,0.0,1.08,0.0,0.72,0.0
0,0.0,0.0,0.0,0.0,0.0,0.0,0.0,0.0,0.0,0.0
1,0.0,0.0,0.22,0.37,0.011,0.0,0.02,0.0,0.25,0.02
0,0.0,0.0,0.0,0.0,0.145,0.42,0.0,0.0,1.68,0.84
1,0.54,0.0,0.0,0.0,0.037,0.0,0.0,0.0,0.27,0.0
0,0.0,0.0,0.0,0.0,0.0,0.0,0.0,0.0,0.0,0.0
1,0.0,0.0,1.56,0.0,0.0,0.26,0.0,0.0,0.52,0.0
0,0.8,0.53,0.0,0.0,0.0,0.0,0.8,0.8,1.07,0.53
1,0.66,0.0,0.99,0.66,0.0,0.0,0.0,0.0,1.32,0.0
1,0.0,0.0,0.0,0.0,0.0,2.23,0.0,0.0,0.0,0.0
1,0.0,0.0,3.33,0.0,0.0,0.0,0.0,0.0,0.0,0.0
0,0.32,0.32,0.0,0.0,0.0,0.32,0.32,1.28,0.32,0.32
1,0.0,0.0,0.0,0.0,0.0,0.0,0.0,0.0,0.0,0.0
0,0.0,0.0,0.0,0.0,0.0,0.0,0.0,0.79,0.79,0.0
0,0.0,0.0,0.0,0.0,0.0,0.0,0.0,0.0,0.0,0.0
0,0.0,0.0,0.34,0.0,0.027,0.0,0.0,0.68,0.17,0.0
0,0.0,0.0,0.0,0.0,0.0,0.88,0.0,0.44,0.88,0.0
0,0.0,0.0,0.0,0.0,0.079,0.0,0.0,0.0,0.43,0.0
0,0.0,0.0,0.0,0.0,0.0,0.0,0.0,0.15,0.76,0.6
1,0.0,0.0,0.0,0.0,0.0,0.0,0.0,0.0,0.0,0.0
0,0.0,0.0,0.1,0.0,0.0,0.0,0.0,0.0,0.5,0.0
0,0.0,0.0,0.0,0.0,0.0,0.0,0.0,0.0,0.0,0.0
0,0.0,0.0,0.0,0.0,0.0,0.0,0.0,0.0,0.0,0.0
0,0.0,0.0,0.0,0.0,0.067,0.0,0.24,0.0,0.0,0.0
0,0.0,0.0,0.0,0.0,0.0,0.0,3.44,0.0,0.0,0.0
0,0.0,0.0,0.05,0.05,0.0,0.0,0.05,0.3,0.61,0.0
1,0.0,0.0,0.0,0.0,0.306,0.0,0.0,0.0,0.26,0.0
1,0.0,0.0,0.0,0.0,0.0,1.27,0.0,0.0,0.0,0.0
0,0.0,0.0,0.53,0.0,0.0,0.0,0.0,0.0,0.26,0.0
0,1.02,0.0,0.0,0.0,0.0,0.0,0.0,0.0,1.02,0.0
0,0.0,0.0,0.0,0.0,0.0,0.0,0.0,0.0,1.56,0.0
1,0.0,0.0,0.0,0.0,0.0,0.0,0.0,0.0,1.31,0.0
0,0.0,0.0,0.0,0.0,0.0,0.0,0.0,0.0,0.86,0.0
1,0.0,0.0,0.0,0.0,0.0,0.0,0.0,0.0,0.0,0.0
0,0.0,0.0,0.0,0.0,0.0,0.0,0.0,0.0,0.0,0.0
0,0.0,0.55,0.0,0.0,0.0,0.0,0.55,2.23,0.0,0.55
0,0.0,0.0,0.0,0.0,0.0,0.0,0.0,0.0,0.0,0.0
1,0.0,0.0,0.0,0.6,0.0,1.11,0.1,0.0,0.7,0.0
0,0.0,0.0,0.0,0.0,0.0,0.0,4.16,0.0,0.0,0.0
1,0.0,0.0,0.0,1.62,0.0,0.0,0.4,0.0,0.81,0.0
0,0.0,0.0,0.0,0.0,0.053,0.0,0.0,0.0,0.33,0.0
1,0.0,0.0,0.0,0.0,0.0,0.0,0.0,0.0,0.0,0.0
1,0.0,0.0,0.19,0.09,0.063,0.0,0.09,0.0,0.48,0.0
1,0.0,0.0,0.0,0.0,0.0,0.0,0.0,0.0,0.0,0.0
1,0.0,0.0,0.0,0.0,0.0,0.55,0.55,0.0,0.55,0.0
1,0.0,0.0,0.0,0.0,0.0,0.0,0.0,0.0,0.0,0.0
0,0.0,0.0,0.0,0.0,0.0,0.0,0.0,0.84,0.56,0.0
0,0.0,0.0,0.0,0.0,0.0,0.0,1.23,0.0,1.23,0.0
1,0.0,0.0,0.0,0.0,0.01,0.0,0.0,0.0,0.06,0.0
0,0.0,0.0,0.0,0.0,0.0,0.0,0.0,0.0,0.0,0.0
0,0.0,0.0,0.0,0.0,0.0,0.0,0.0,1.16,2.32,0.0
0,0.0,0.0,0.0,0.0,0.0,0.84,0.84,0.84,0.0,0.0
0,0.0,0.0,0.0,1.25,0.0,0.0,0.0,0.0,0.0,0.0
0,0.0,0.0,0.0,0.0,0.0,0.0,0.0,0.0,0.0,0.0
0,0.0,0.0,0.0,0.0,0.0,0.0,2.43,0.0,0.0,0.0
0,0.0,0.0,0.0,0.0,0.055,0.65,0.0,0.0,0.0,0.0
0,0.0,0.0,0.0,0.0,0.0,0.0,0.0,0.0,0.0,0.0
1,0.0,0.0,0.0,0.13,0.0,0.0,0.0,0.0,0.97,0.0
0,0.0,0.0,0.2,0.1,0.092,0.0,0.0,0.1,0.4,0.0
0,0.0,0.0,0.0,0.0,0.0,0.0,0.0,0.69,0.86,2.76
0,0.0,0.0,0.0,0.0,0.0,0.0,0.0,0.0,0.0,0.0
1,0.0,0.0,0.64,0.81,0.01,0.05,0.0,0.0,0.52,0.0
0,0.54,0.0,0.0,0.0,0.0,0.0,0.0,0.0,0.54,0.0
0,0.0,0.0,0.0,0.0,0.0,0.62,0.62,0.0,0.0,0.0
0,0.0,0.0,0.26,0.0,0.0,0.0,0.08,0.52,0.17,0.0
0,0.0,0.0,0.0,0.0,0.0,0.0,0.0,0.0,0.0,0.0
0,0.0,0.0,0.0,0.0,0.0,0.0,0.0,0.0,0.0,0.0
1,0.0,0.0,0.3,1.23,0.0,0.0,0.3,0.0,0.3,0.0
1,0.27,0.0,0.27,0.27,0.0,0.0,0.0,0.0,1.62,0.0
0,0.0,0.0,0.08,0.08,0.022,0.0,0.0,0.48,0.81,0.32
0,0.0,0.0,0.0,0.0,0.061,0.2,0.0,1.2,1.0,0.0
0,1.17,0.0,0.0,0.0,0.0,0.0,1.17,0.0,0.0,0.0
1,0.0,0.0,0.37,0.0,0.0,0.0,0.37,0.0,0.75,0.0
1,0.0,0.0,0.0,0.0,0.0,0.0,0.0,0.0,0.0,0.0
1,0.0,0.0,0.95,0.47,0.0,0.0,1.43,0.0,0.95,0.0
0,0.0,0.0,0.06,0.0,0.0,0.0,0.06,0.48,0.41,0.0
0,0.85,0.0,0.0,0.0,0.0,0.0,0.0,0.0,0.85,0.0
1,0.0,0.0,0.0,0.0,0.0,0.57,0.0,0.0,1.15,0.0
0,0.0,0.0,0.7,0.0,0.0,0.0,0.0,0.0,1.4,0.0
0,0.0,0.0,0.0,0.0,0.0,0.0,0.0,0.0,0.0,0.0
1,0.0,0.0,0.46,1.38,0.0,0.46,0.0,0.0,1.38,0.0
1,0.0,0.0,0.0,0.0,0.0,0.0,0.0,0.0,0.0,0.0
1,0.0,0.0,0.0,0.0,0.0,0.0,0.0,0.0,0.43,0.0
1,0.0,0.0,0.0,0.0,0.0,0.53,0.53,0.0,0.0,0.0
0,0.0,0.0,0.0,0.0,0.0,0.0,0.0,0.0,0.0,0.0
1,0.0,0.0,0.2,0.06,0.034,0.13,0.06,0.0,0.75,0.0
1,0.0,0.0,0.0,0.0,0.0,0.38,0.0,0.0,0.38,0.0
0,1.21,0.0,0.0,0.0,0.0,0.0,0.0,0.0,0.0,0.0
1,0.0,0.0,0.19,0.58,0.0,1.46,0.0,0.0,0.58,0.0
1,0.0,0.0,0.36,0.29,0.012,0.36,0.07,0.0,0.72,0.0
1,0.0,0.0,0.03,0.1,0.0,0.0,0.0,0.0,0.53,0.0
1,0.0,0.0,0.41,0.41,0.0,0.0,0.0,0.0,0.41,0.0
1,0.0,0.0,0.0,0.0,0.0,0.0,0.0,0.0,0.0,0.0
0,0.0,0.0,2.63,0.0,0.0,0.0,0.0,0.0,0.0,0.0
0,0.0,0.0,0.0,0.0,0.0,0.41,0.82,0.0,0.0,0.0
1,0.0,0.0,0.43,0.0,0.0,0.43,0.0,0.0,0.0,0.0
0,0.0,0.0,0.0,0.0,0.0,0.68,1.36,0.0,0.0,0.0
0,0.0,0.0,0.0,0.0,0.0,0.0,0.18,0.0,0.75,0.0
0,0.0,0.0,0.0,0.0,0.0,0.0,0.4,0.0,0.81,0.0
0,0.0,0.0,0.0,0.0,0.0,0.0,0.0,0.74,2.22,0.0
0,0.76,0.76,0.0,0.0,0.0,0.0,0.76,0.76,0.0,0.76
1,0.0,0.0,0.64,0.0,0.0,0.64,0.0,0.0,1.94,0.0
0,0.0,0.0,0.0,0.0,0.0,0.0,0.0,0.0,0.0,0.0
1,0.0,0.0,0.0,0.0,0.069,0.46,0.0,0.0,0.93,0.0
0,0.0,0.0,0.0,0.0,0.0,0.0,0.0,0.0,0.0,0.0
0,0.0,0.0,0.0,0.0,0.0,0.0,1.03,0.0,1.03,0.0
1,0.0,0.0,0.0,0.0,0.0,0.0,0.0,0.0,0.52,0.0
0,0.0,0.0,0.0,0.0,0.0,0.0,0.0,0.0,0.0,0.0
0,0.0,0.0,0.04,0.0,0.163,0.0,0.0,0.44,0.22,0.0
1,0.0,0.0,0.45,0.45,0.0,0.45,0.0,0.0,0.0,0.0
1,0.0,0.0,0.2,0.4,0.0,0.0,0.0,0.0,0.5,0.0
0,0.55,0.55,0.0,0.0,0.088,0.55,0.55,0.55,0.0,0.0
0,0.0,0.0,0.0,0.0,1.353,0.29,0.09,0.49,0.29,0.0
0,0.0,0.0,0.0,0.0,0.11,0.0,0.66,0.0,0.0,0.0
0,0.0,0.0,0.0,0.0,0.3,0.0,1.51,0.0,0.0,0.0
1,0.0,0.0,7.14,0.0,0.0,0.0,0.0,0.0,0.0,0.0
0,0.0,0.0,0.0,2.12,0.0,0.0,0.0,0.0,0.0,0.0
1,0.0,0.0,0.0,0.16,0.0,0.0,0.0,0.0,0.57,0.0
1,0.0,0.0,0.0,0.0,0.0,0.0,0.0,0.0,0.0,0.0
0,0.0,0.0,0.0,0.0,0.0,0.0,0.0,0.0,1.81,0.0
0,0.0,0.0,0.0,0.0,0.0,0.0,0.0,0.0,0.0,0.0
1,0.0,0.0,0.0,0.0,0.0,1.4,0.0,0.0,0.0,0.0
0,0.0,0.0,0.0,0.0,0.0,0.0,3.7,0.0,0.0,0.0
0,0.0,0.0,0.0,0.0,0.0,0.0,0.0,0.74,2.22,0.0
0,0.0,0.0,0.0,0.0,0.0,0.0,0.0,0.0,0.0,4.76
1,0.0,0.0,0.0,0.6,0.0,0.6,0.0,0.0,0.0,0.0
1,0.0,0.0,0.22,0.55,0.0,0.0,0.0,0.0,0.33,0.0
1,0.0,0.0,0.0,0.0,0.0,0.0,1.44,0.0,0.0,0.0
1,0.0,0.0,0.0,0.0,0.0,0.18,0.0,0.0,0.9,0.0
0,0.0,0.0,0.0,0.0,0.0,0.0,0.99,0.0,0.0,0.0
1,0.0,0.0,0.0,1.12,0.0,0.0,0.0,0.0,1.12,0.0
0,0.0,0.0,0.0,0.0,0.0,0.52,0.0,0.0,0.0,0.52
0,0.0,0.0,0.22,0.0,0.0,0.0,0.0,0.0,0.22,0.0
1,0.0,0.0,0.0,0.0,0.0,0.0,0.0,0.0,0.44,0.0
0,0.0,0.0,0.0,0.0,0.0,3.22,1.61,0.0,1.61,0.0
1,0.0,0.0,0.0,0.0,0.0,0.0,0.0,0.0,1.31,0.0
1,0.0,0.0,0.6,0.0,0.0,0.0,0.0,0.0,0.0,0.0
0,0.0,0.0,0.0,0.0,0.019,0.0,0.49,0.0,0.0,0.0
1,0.0,0.0,0.08,0.85,0.0,0.93,0.08,0.0,0.59,0.0
0,0.0,0.0,0.0,0.0,0.0,3.44,0.0,0.0,0.0,0.0
0,0.0,0.0,0.0,0.0,0.0,0.0,0.0,0.43,2.17,0.0
0,0.0,0.0,0.0,0.0,0.0,0.0,0.0,0.0,0.0,0.0
0,0.0,0.0,0.7,0.0,0.0,0.0,0.0,0.0,1.4,0.0
1,0.0,0.0,0.0,0.72,0.0,0.72,0.0,0.0,0.0,0.0
0,0.0,0.0,0.0,0.0,0.0,0.86,0.0,0.86,0.86,0.0
0,0.0,0.0,0.0,0.0,0.0,0.0,0.0,0.23,1.39,0.0
0,0.0,0.0,0.0,0.0,0.0,0.0,0.0,0.0,0.0,0.0
0,0.0,0.0,0.0,0.0,0.109,0.0,0.0,0.0,2.61,0.0
1,0.0,0.0,0.43,1.05,0.0,0.02,0.02,0.0,0.97,0.0
0,0.0,0.0,0.0,0.0,0.128,0.0,0.0,0.79,0.52,0.0
0,0.0,0.0,0.0,0.0,0.0,0.0,0.74,0.0,0.74,0.0
0,0.0,0.0,0.0,0.0,0.0,0.0,0.0,0.0,0.0,0.0
0,3.03,0.0,0.0,0.0,0.0,0.0,0.0,0.0,0.0,0.0
0,0.89,0.29,0.29,0.0,0.0,0.0,0.59,0.59,0.0,0.29
0,0.0,0.0,0.0,0.0,0.0,0.0,0.0,0.0,0.0,0.76
1,0.0,0.0,0.82,0.0,0.0,0.0,0.0,0.0,0.0,0.0
1,0.0,0.0,0.0,0.0,0.0,0.0,0.0,0.0,0.0,0.0
1,0.0,0.0,0.0,0.0,0.0,0.0,0.0,0.0,0.0,0.0
0,0.0,0.31,0.0,0.0,0.0,1.56,0.0,0.0,2.81,0.0
1,0.0,0.0,0.69,0.0,0.0,0.69,0.0,0.0,0.69,0.0
0,0.88,0.0,0.0,0.0,0.0,0.0,0.0,1.76,0.44,0.0
0,0.0,0.0,0.0,0.0,0.0,0.0,0.0,0.0,0.0,0.0
0,0.0,0.0,0.0,0.0,0.0,0.0,0.0,0.0,0.0,0.0
0,0.0,0.0,0.0,0.0,0.0,0.0,0.0,0.0,1.49,0.0
1,0.0,0.0,4.87,0.0,0.0,0.0,0.0,0.0,1.21,0.0
1,0.0,0.0,0.0,0.0,0.0,0.0,0.0,0.0,0.95,0.0
0,0.3,0.0,0.6,0.0,0.0,0.0,0.6,0.0,0.3,0.0
1,0.0,0.0,0.0,0.0,0.0,0.0,0.0,0.0,0.0,0.0
0,0.0,0.0,0.0,0.0,0.0,0.0,0.0,0.0,0.0,0.0
1,0.0,0.0,0.0,0.0,0.0,0.0,0.0,0.0,0.0,0.0
0,0.0,0.0,0.0,0.0,0.0,0.0,0.0,0.75,0.0,0.0
0,0.0,0.0,0.0,0.0,0.0,0.79,0.0,1.58,3.17,0.0
1,0.0,0.0,0.2,1.14,0.095,1.45,0.0,0.0,0.62,0.0
0,0.0,0.0,0.0,0.39,0.0,0.39,0.0,0.0,0.0,0.0
0,0.0,0.0,0.0,0.0,0.634,0.0,1.13,0.0,0.0,0.0
1,0.0,0.0,0.0,0.4,0.198,0.0,0.0,0.0,0.0,0.0
1,0.0,0.0,1.54,0.0,0.0,2.32,0.0,0.0,0.3,0.0
0,0.56,0.0,1.7,0.0,0.0,0.0,0.0,0.0,1.7,1.13
0,0.0,0.0,0.0,0.0,0.0,0.0,0.0,0.8,0.0,0.0
0,0.0,0.0,0.0,0.0,0.0,0.0,0.0,0.0,0.0,0.0
1,0.0,0.0,0.2,0.4,0.0,0.0,0.0,0.0,0.5,0.0
0,0.0,0.0,0.38,0.0,0.026,0.0,0.0,0.0,0.76,0.0
0,0.0,0.0,0.0,0.0,0.0,0.0,0.0,0.0,3.03,0.0
1,0.0,0.0,0.24,0.0,0.061,0.0,0.12,0.0,0.85,0.0
0,0.0,0.0,0.0,0.0,0.0,0.0,1.14,0.0,1.14,2.29
1,0.0,0.0,0.0,0.34,0.0,0.0,0.0,0.0,0.34,0.0
0,0.0,0.0,0.0,0.0,0.0,0.0,0.0,0.0,1.81,0.0
0,0.0,0.0,0.0,0.0,0.0,0.0,0.0,0.0,0.0,0.0
1,0.53,0.0,0.53,1.59,0.0,0.53,0.0,0.0,1.06,0.0
1,0.0,0.0,0.32,0.0,0.0,0.0,0.64,0.0,0.32,0.0
0,0.0,0.0,0.0,0.0,0.0,0.0,0.33,0.0,0.66,0.0
1,0.0,0.0,0.0,0.0,0.0,0.0,1.06,0.0,0.0,0.0
0,0.0,0.0,0.0,0.0,0.0,0.0,0.56,0.0,0.0,0.0
1,0.0,0.0,0.0,0.0,0.0,0.0,0.0,0.0,0.0,0.0
0,0.36,0.0,0.0,0.0,0.0,0.18,0.18,0.0,0.54,0.0
0,0.0,0.0,0.0,0.0,0.036,0.49,0.49,0.0,0.24,0.0
1,0.0,0.0,0.0,0.0,0.0,1.27,0.0,0.0,0.0,0.0
1,0.0,0.0,0.4,0.0,0.0,0.2,0.0,0.0,1.01,0.0
0,0.55,0.55,0.0,0.0,0.0,0.0,0.55,0.55,0.0,0.55
1,0.0,0.0,0.47,0.99,0.0,0.0,0.02,0.0,0.97,0.0
1,0.0,0.0,0.0,0.0,0.0,0.0,0.0,0.0,1.29,0.0
0,0.0,0.0,0.13,0.0,0.028,0.0,0.0,0.13,1.67,0.2
1,0.19,0.0,0.0,0.0,0.015,0.09,0.0,0.0,0.19,0.0
1,0.0,0.0,0.0,0.0,0.0,1.73,0.0,0.0,0.0,0.0
0,0.0,0.0,0.0,0.0,0.045,0.0,0.54,0.0,0.27,0.0
1,0.0,0.0,0.0,0.0,0.0,0.0,0.0,0.0,0.51,0.0
1,0.0,0.0,0.0,0.0,0.0,0.0,1.33,0.0,0.0,0.0
0,0.0,0.0,0.0,0.0,0.0,0.0,0.0,0.0,0.0,0.0
1,0.0,0.0,0.0,0.0,0.0,1.81,0.0,0.0,0.9,0.0
0,0.0,0.0,0.0,0.0,0.0,0.74,0.0,2.23,0.74,0.0
1,0.0,0.0,0.0,0.0,0.0,0.0,1.28,0.0,0.0,0.0
0,0.0,0.0,0.0,0.0,0.0,0.0,0.0,0.0,0.0,0.0
1,0.0,0.0,0.0,1.47,0.0,0.0,0.0,0.0,0.36,0.0
0,0.0,0.0,0.0,0.0,0.203,0.05,0.0,0.7,0.15,0.0
0,0.0,0.0,0.0,0.0,0.0,0.0,0.58,0.0,0.58,0.0
0,0.0,0.0,0.0,0.0,0.0,0.0,0.0,0.0,0.0,0.0
0,0.0,0.0,0.0,0.0,0.0,0.0,0.0,0.0,0.0,0.0
1,0.0,0.0,0.0,0.0,0.0,0.0,0.0,0.0,1.43,0.0
1,0.0,0.0,0.2,0.4,0.0,0.0,0.0,0.0,0.5,0.0
0,0.0,0.0,0.0,0.0,0.0,0.0,0.78,0.0,0.0,0.0
1,0.0,0.0,0.0,0.0,0.0,0.0,0.0,0.0,0.0,0.0
0,0.0,4.54,0.0,0.0,0.0,0.0,0.0,4.54,0.0,4.54
1,0.51,0.0,0.0,1.53,0.0,0.51,0.51,0.0,1.02,0.0
0,0.0,0.0,0.3,0.0,0.0,0.0,0.0,0.0,0.3,0.0
1,0.0,0.0,0.0,0.0,0.305,0.0,0.0,0.0,0.0,0.0
0,0.0,0.0,0.0,0.0,0.0,0.0,0.0,0.0,1.32,0.0
0,0.0,0.0,0.0,0.0,0.0,1.06,0.0,1.06,1.06,0.0
1,0.0,0.0,0.31,0.0,0.0,0.0,0.31,0.0,0.31,0.0
1,0.0,0.0,0.0,0.0,0.0,0.0,0.0,0.0,1.96,0.0
1,0.0,0.0,1.73,0.0,0.0,0.34,0.0,0.0,1.38,0.0
0,0.0,0.0,0.0,0.0,0.173,0.0,0.0,0.68,0.29,0.0
0,0.0,0.0,0.0,0.0,0.0,0.0,0.63,0.0,0.63,0.0
0,0.0,0.0,0.0,0.0,0.0,0.0,0.25,0.25,1.28,1.03
0,0.0,0.0,0.0,0.0,0.0,0.0,0.0,0.0,0.0,0.0
0,0.0,0.0,0.0,0.0,0.0,0.0,5.0,0.0,0.0,0.0
1,0.0,0.0,2.04,0.0,0.0,0.29,0.0,0.0,0.29,0.0
0,0.0,0.0,0.0,0.0,0.0,0.0,0.0,0.0,0.0,0.0
0,0.0,0.0,0.0,0.05,0.007,0.0,0.0,0.0,0.34,0.0
1,0.0,0.0,0.0,0.0,0.0,0.0,0.0,0.0,0.0,0.0
0,0.68,0.68,0.0,0.0,0.0,0.0,0.68,2.72,0.0,0.68
1,0.0,0.0,0.0,0.0,0.0,0.0,0.0,0.0,0.0,0.0
1,0.0,0.0,0.0,0.0,0.0,0.0,0.0,0.0,0.0,0.0
0,0.0,0.0,0.0,0.0,0.0,0.0,20.0,0.0,0.0,0.0
0,0.0,2.63,0.0,0.0,0.0,0.0,0.0,2.63,0.0,2.63
1,0.0,0.0,0.0,0.0,0.0,0.0,0.0,0.0,0.0,0.0
0,0.0,0.0,0.0,0.0,0.0,0.0,0.0,0.0,0.31,0.0
0,0.0,0.0,0.32,0.0,0.0,0.32,0.0,0.0,0.0,0.0
0,0.0,0.0,0.0,0.0,0.0,0.0,0.0,0.0,0.0,0.0
0,0.0,0.0,0.0,0.0,0.0,0.0,0.0,0.0,4.76,0.0
0,0.0,0.0,0.0,0.0,0.0,0.0,0.13,0.33,0.6,0.0
0,0.48,0.0,0.0,0.0,0.0,0.0,0.0,0.0,0.0,0.0
1,0.0,0.0,0.0,0.0,0.472,0.15,0.0,0.0,0.3,0.0
0,0.0,0.0,0.48,0.0,0.0,0.24,0.0,0.0,0.24,0.0
0,0.66,0.66,0.0,0.0,0.3,0.0,0.66,1.33,0.0,0.66
1,0.0,0.0,4.81,0.0,0.0,0.0,0.0,0.0,1.2,0.0
0,0.14,0.0,0.28,0.0,0.058,0.0,0.14,0.0,1.56,1.27
0,0.43,0.0,0.0,0.0,0.0,0.43,0.43,1.74,0.0,0.0
0,0.78,0.39,0.0,0.0,0.645,0.0,0.78,0.39,0.39,0.39
0,0.0,0.0,0.0,0.0,0.0,0.0,0.35,0.0,0.71,0.0
1,0.0,0.0,0.0,0.0,0.0,0.56,0.28,0.0,0.28,0.0
1,0.0,0.0,1.05,0.0,0.0,0.0,0.0,0.0,0.0,0.0
0,0.0,0.0,0.49,0.29,0.067,0.0,0.0,0.0,1.27,0.0
1,0.0,0.0,0.0,0.0,0.0,0.0,0.0,0.0,0.0,0.0
1,0.0,0.0,0.0,0.0,0.0,0.84,0.42,0.0,0.42,0.0
0,0.0,0.0,0.0,0.0,0.0,0.0,0.0,1.49,0.0,0.0
0,0.0,0.0,0.0,0.0,0.0,0.0,0.0,0.0,0.0,0.0
0,1.11,1.11,0.0,0.0,0.0,0.0,1.11,1.11,0.0,1.11
0,0.0,0.0,0.0,0.0,0.0,0.0,1.63,0.0,1.63,0.0
0,0.0,0.0,0.0,0.0,0.0,0.0,0.0,0.0,1.61,0.0
0,0.0,0.0,0.0,0.0,0.0,0.0,0.0,0.0,0.0,0.0
0,0.0,0.0,0.0,0.0,0.0,0.0,1.41,0.0,0.0,0.0
0,0.0,0.0,0.0,0.0,0.0,0.0,3.33,0.0,0.0,0.0
0,0.0,0.0,0.0,0.0,0.0,0.0,0.99,0.0,0.99,0.0
0,0.87,0.0,0.0,0.0,0.469,0.0,0.87,0.87,0.0,0.0
1,0.0,0.0,0.0,0.0,0.0,0.0,0.0,0.0,0.44,0.0
1,0.0,0.0,0.49,1.48,0.0,0.0,0.49,0.0,0.49,0.0
1,0.0,0.0,0.47,0.0,0.0,0.0,0.47,0.0,0.47,0.0
0,0.0,0.0,0.0,0.0,0.0,0.0,0.0,0.0,0.0,0.0
1,0.0,0.0,0.0,0.0,0.0,0.0,1.61,0.0,0.0,0.0
0,1.05,0.0,0.0,0.0,0.169,0.0,0.0,3.15,1.05,0.0
0,0.0,0.0,0.0,0.0,0.0,0.0,2.12,0.0,0.0,0.0
0,0.0,0.63,0.0,0.0,0.0,0.63,2.54,0.0,1.27,0.0
0,0.0,0.0,0.0,0.0,0.0,0.0,0.0,0.0,0.0,0.0
0,0.0,0.0,0.0,0.0,0.0,0.0,0.0,0.0,0.0,0.0
0,0.0,0.0,0.0,0.0,0.0,0.0,0.0,0.0,0.0,0.0
0,0.0,0.0,0.0,0.0,0.0,0.0,0.0,0.0,0.0,0.0
1,0.0,0.0,0.0,0.0,0.0,0.0,0.0,0.0,1.81,0.0
0,0.0,0.0,0.0,0.0,0.0,0.0,0.0,0.0,0.47,0.0
1,0.0,0.0,0.0,0.0,0.0,0.0,0.0,0.0,0.4,0.0
0,0.0,0.0,0.0,0.0,0.0,0.0,0.0,0.0,0.0,0.0
0,0.0,0.0,0.0,0.0,0.078,0.0,0.0,0.68,0.34,0.0
0,0.0,0.0,0.37,0.0,0.0,0.0,0.0,0.0,0.75,0.0
0,0.0,0.0,0.0,0.0,0.0,0.0,2.12,0.0,2.12,0.0
0,0.0,0.0,0.46,0.09,0.066,0.0,0.0,0.0,1.49,0.0
1,0.0,0.0,0.0,0.0,0.0,0.0,0.0,0.0,1.17,0.0
0,2.56,0.0,0.0,0.0,0.0,0.0,0.0,0.0,0.0,0.0
0,2.02,0.0,0.0,0.0,0.0,0.0,2.02,0.0,0.0,0.0
0,0.0,0.0,0.0,0.0,0.0,0.0,0.0,0.0,0.0,0.0
0,0.0,0.0,0.5,0.0,0.0,1.01,0.0,0.5,1.01,0.0
0,0.0,0.0,0.0,0.0,0.0,0.0,0.0,1.0,0.5,0.0
0,0.0,0.0,0.0,0.0,0.0,0.0,0.0,2.85,0.0,0.0
1,0.0,0.0,0.0,0.36,0.015,0.0,0.27,0.0,0.72,0.0
0,0.15,0.15,0.0,0.0,0.0,0.0,0.15,0.3,0.3,0.15
0,0.0,0.0,0.0,0.0,0.0,0.0,0.0,4.16,0.0,0.0
1,0.0,0.0,0.07,0.43,0.0,0.28,0.0,0.0,0.79,0.0
0,1.06,0.0,1.06,0.0,0.0,0.0,0.0,1.06,3.19,0.0
1,0.0,0.0,0.0,0.55,0.0,1.2,0.09,0.0,0.64,0.0
0,0.0,0.0,0.0,0.0,0.0,0.0,0.0,0.0,0.0,0.0
1,0.0,0.0,0.0,0.6,0.0,1.11,0.1,0.0,0.7,0.0
0,0.0,3.03,0.0,0.0,0.0,0.0,0.0,3.03,0.0,3.03
0,0.0,0.0,0.0,0.0,0.0,0.0,0.0,2.08,1.04,0.0
0,0.0,0.0,0.0,0.0,0.0,0.0,0.0,0.0,0.0,0.0
1,0.0,0.0,0.0,0.36,0.015,0.0,0.27,0.0,0.81,0.0
0,0.0,0.0,0.44,0.0,0.0,0.0,0.0,0.0,0.0,0.0
0,0.0,0.0,0.0,0.0,0.0,0.0,0.0,0.0,0.0,0.0
0,0.0,0.0,0.0,0.0,0.0,2.04,0.0,2.04,0.0,0.0
0,0.0,0.0,0.0,0.0,0.0,0.0,0.0,0.0,0.0,0.0
0,0.0,0.0,0.0,0.0,0.0,0.0,0.59,0.0,0.59,0.0
0,0.0,0.0,0.0,0.0,0.0,0.0,0.25,0.0,0.0,0.0
1,0.0,0.0,0.24,0.72,0.0,0.0,0.12,0.0,2.52,0.0
1,0.0,0.0,0.0,0.0,0.0,0.25,0.0,0.0,0.25,0.0
0,0.0,0.0,0.0,0.0,0.0,0.0,0.12,0.0,0.0,0.0
1,0.0,0.0,1.68,0.0,0.0,0.33,0.0,0.0,1.51,0.0
1,0.0,0.0,0.66,0.0,0.0,1.0,0.66,0.0,0.33,0.0
0,0.0,0.0,0.0,0.0,0.0,0.0,0.0,0.0,0.0,0.0
0,0.0,0.0,0.0,0.0,0.0,0.44,0.0,0.0,0.0,0.0
1,0.0,0.0,0.36,0.29,0.012,0.32,0.07,0.0,0.72,0.0
1,0.0,0.0,0.0,2.53,0.0,0.0,0.0,0.0,0.84,0.0
0,1.78,0.0,0.0,0.0,0.0,0.0,1.78,0.0,3.57,0.0
1,0.0,0.0,0.1,0.1,0.0,0.2,0.1,0.0,0.62,0.0
0,0.0,0.0,0.0,0.0,0.0,0.0,0.0,0.0,0.0,0.0
0,0.0,0.0,0.0,0.0,0.0,0.0,0.0,0.0,1.28,0.0
1,0.0,0.0,0.0,0.0,0.0,0.0,0.0,0.0,1.47,0.0
1,0.0,0.0,0.9,0.45,0.0,0.0,1.35,0.0,0.9,0.0
0,0.73,0.73,0.0,0.0,0.0,0.0,0.73,2.2,0.0,1.47
1,0.0,0.0,4.5,0.9,0.0,0.0,0.0,0.0,0.9,0.0
0,0.0,0.0,0.0,0.0,0.0,0.0,0.0,0.0,0.0,0.0
1,0.0,0.0,0.17,0.68,0.0,0.0,0.0,0.0,0.68,0.0
0,0.0,0.0,0.0,0.0,0.0,0.0,0.0,0.0,0.0,0.0
0,0.0,0.0,0.0,0.0,0.0,0.0,0.0,0.0,0.0,0.0
0,0.0,0.0,0.0,0.0,0.0,0.0,0.0,10.86,0.0,0.0
0,0.0,0.0,0.0,0.0,0.0,0.0,0.0,0.0,0.6,0.0
0,1.47,0.0,0.0,0.0,0.0,0.0,0.0,1.47,2.94,0.0
0,0.0,0.0,0.0,0.0,0.0,0.0,0.0,0.0,0.57,0.0
1,0.0,0.0,0.09,0.36,0.0,0.0,0.0,0.0,0.63,0.0
0,0.0,0.0,0.0,0.0,0.115,0.06,0.12,1.2,0.18,0.0
0,0.0,0.0,0.0,0.0,3.23,0.0,0.0,0.0,0.0,0.0
0,0.0,0.0,0.0,0.0,0.0,0.0,2.85,0.0,0.0,0.0
0,0.0,0.0,0.0,0.0,0.079,0.0,0.0,0.61,1.84,0.0
0,0.0,0.0,0.72,0.0,0.0,0.0,0.0,0.0,1.44,0.72
0,0.0,0.0,0.0,0.0,0.0,0.0,0.0,0.0,0.0,0.0
0,0.0,0.17,0.0,0.0,0.123,0.0,0.35,0.35,0.35,0.17
0,0.0,1.07,0.0,0.0,0.0,0.0,0.0,0.0,0.0,0.0
0,0.0,0.0,0.0,0.0,0.0,0.0,0.0,0.0,0.0,0.0
1,0.0,0.0,0.06,0.52,0.0,1.1,0.0,0.0,0.39,0.0
0,0.0,0.0,0.0,0.0,0.0,0.0,0.0,0.0,1.16,0.0
0,0.0,0.0,0.0,0.0,0.0,0.0,0.75,0.0,0.75,0.0
0,0.0,0.0,0.0,0.0,0.0,0.0,0.0,0.0,0.0,0.0
0,0.0,0.0,0.0,0.0,0.145,0.0,0.9,0.0,0.0,0.0
0,0.0,0.0,0.0,0.0,0.0,0.0,0.0,0.69,0.34,0.0
0,0.0,0.0,0.0,0.0,0.0,0.0,0.0,0.0,0.0,0.0
0,0.0,0.0,0.0,0.0,0.0,0.0,0.0,0.0,0.0,0.0
1,0.0,0.0,0.51,0.0,0.0,0.51,0.0,0.0,1.03,0.0
0,0.0,0.0,0.7,0.0,0.0,0.0,0.0,0.0,1.4,0.0
1,0.0,0.0,0.08,0.89,0.0,1.43,0.08,0.0,1.25,0.0
0,0.0,0.0,0.0,0.0,0.0,0.0,0.0,0.0,0.39,0.39
1,0.0,0.0,0.0,0.0,0.0,0.0,0.0,0.0,0.45,0.0
1,0.0,0.0,0.1,0.75,0.0,0.0,0.0,0.0,0.64,0.0
0,0.0,0.0,0.0,0.0,0.0,1.55,0.0,0.0,0.44,0.0
0,0.0,0.0,0.0,0.0,0.0,0.0,0.0,0.0,0.0,0.0
0,0.0,0.0,0.0,0.0,0.017,0.0,0.0,0.13,0.52,0.0
1,0.0,0.0,0.0,0.0,0.0,0.14,0.0,0.0,0.59,0.0
0,0.62,0.0,0.62,0.0,0.0,0.0,0.62,0.0,4.34,0.0
1,0.09,0.0,0.0,0.09,0.0,1.17,0.0,0.0,1.07,0.0
1,0.0,0.0,0.21,0.54,0.0,0.0,0.0,0.0,0.21,0.0
1,0.0,0.0,0.58,0.0,0.0,0.58,0.0,0.0,0.0,0.0
1,0.0,0.0,1.41,0.0,0.0,0.0,0.0,0.0,0.7,0.0
0,0.0,0.0,0.0,0.0,0.0,0.0,0.0,0.0,0.0,0.0
1,0.0,0.0,0.0,0.0,0.0,0.0,0.0,0.0,1.31,0.0
0,0.0,0.0,0.0,0.0,0.0,0.0,0.0,0.85,0.85,0.0
0,0.0,0.0,0.0,0.0,0.0,0.0,0.0,0.0,0.0,0.0
1,0.0,0.0,3.44,0.86,0.0,0.0,0.0,0.0,0.0,0.0
0,0.0,0.0,0.0,0.0,0.0,0.0,0.0,0.0,1.29,0.0
1,0.0,0.0,0.0,0.0,0.038,0.26,0.0,0.0,1.31,0.0
0,0.0,0.0,0.0,0.0,0.088,0.0,0.0,0.0,0.34,0.34
1,0.0,0.0,0.0,0.0,0.187,0.0,0.0,0.0,0.0,0.0
1,0.0,0.0,0.0,0.84,0.0,0.0,0.0,0.0,0.0,0.0
1,0.0,0.0,0.0,0.27,0.0,0.27,0.0,0.0,0.27,0.0
0,0.0,0.0,0.0,0.0,0.0,0.0,0.0,0.0,0.0,0.0
1,0.0,0.0,0.0,0.0,0.0,0.0,0.0,0.0,0.0,0.0
0,0.66,0.0,0.0,0.0,0.0,0.0,0.0,0.66,2.0,0.0
1,0.0,0.0,0.0,0.9,0.0,0.22,0.0,0.0,0.22,0.0
1,0.0,0.0,0.0,0.0,0.0,0.0,0.0,0.0,0.41,0.0
1,0.0,0.0,1.58,0.15,0.0,0.0,0.15,0.0,1.42,0.0
0,0.67,0.67,0.0,0.0,0.107,0.0,1.34,1.34,0.67,0.67
1,0.0,0.0,0.0,0.0,0.0,1.3,0.32,0.0,0.65,0.0
0,0.0,0.0,0.0,0.0,0.0,0.0,0.0,0.64,0.64,0.0
0,1.02,0.0,0.0,0.0,0.0,1.02,0.0,1.02,1.02,0.0
0,0.0,0.0,0.0,0.0,0.0,0.0,0.0,0.0,0.0,0.0
1,0.0,0.0,2.73,0.0,0.0,0.68,0.0,0.0,0.0,0.0
0,0.0,0.0,0.0,0.0,0.0,0.0,0.0,0.0,0.0,0.0
1,0.0,0.0,0.0,0.87,0.144,0.0,0.0,0.0,0.0,0.0
0,0.0,0.0,0.0,0.0,0.0,0.62,0.62,0.62,0.62,0.0
1,0.0,0.0,0.0,0.0,0.212,0.0,1.21,0.0,0.0,0.0
0,0.0,0.0,0.0,0.0,0.0,0.0,0.0,0.0,0.0,0.0
1,0.0,0.0,0.0,0.0,0.0,0.0,0.0,0.0,0.0,0.0
1,0.0,0.0,0.0,0.0,0.0,0.0,0.0,0.0,0.72,0.0
0,0.0,0.0,0.0,0.0,0.0,0.0,0.0,0.0,0.0,0.0
0,0.0,0.0,0.0,0.0,0.359,0.0,0.0,0.0,0.0,0.0
1,0.0,0.0,0.0,0.0,0.0,0.0,0.0,0.0,1.65,0.0
1,0.0,0.0,0.0,0.0,0.0,0.0,0.0,0.0,0.0,0.0
0,0.0,0.0,0.0,0.0,0.065,0.0,0.0,1.57,0.0,0.26
1,0.0,0.0,0.62,0.94,0.0,0.0,0.31,0.0,0.62,0.0
0,0.0,0.0,0.0,0.0,0.0,0.0,0.0,0.0,0.0,0.0
1,0.0,0.0,0.7,0.76,0.01,0.0,0.0,0.0,0.52,0.0
1,0.0,0.0,0.53,0.0,0.0,0.0,0.0,0.0,0.0,0.0
0,0.0,0.0,0.0,0.0,0.0,0.0,0.0,0.0,0.0,0.0
0,0.0,0.0,0.0,0.0,0.0,1.01,0.0,0.0,0.0,0.0
0,0.0,0.0,0.0,0.0,0.0,0.0,0.0,0.0,0.0,0.0
0,0.0,0.0,0.0,0.0,0.0,0.0,0.0,0.0,0.0,0.0
0,0.09,0.0,0.82,0.0,0.027,0.0,0.0,0.09,3.66,0.0
1,0.0,0.0,0.32,0.0,0.0,0.0,0.32,0.0,0.32,0.0
1,0.0,0.0,0.0,0.48,0.0,0.0,0.0,0.0,0.85,0.0
1,0.0,0.0,0.0,0.0,0.0,0.0,0.0,0.0,0.36,0.0
0,0.0,0.0,0.0,0.0,0.0,0.0,0.0,0.0,0.0,0.0
0,0.0,0.0,0.0,0.0,0.0,0.0,0.0,0.0,0.0,0.0
0,0.0,0.0,0.0,0.0,0.0,0.0,0.0,0.0,0.28,0.0
0,0.0,0.0,0.0,0.0,0.126,0.0,0.7,0.0,0.0,0.0
1,0.0,0.0,0.0,0.0,0.0,0.0,0.0,0.0,0.0,0.0
1,0.0,0.0,0.09,0.0,0.766,0.0,0.09,0.0,1.59,0.0
0,0.35,0.0,0.0,0.0,0.0,0.0,0.7,0.0,0.0,0.0
0,0.0,0.0,0.0,0.0,0.0,0.0,2.85,0.0,2.85,0.0
0,0.0,0.27,0.0,0.0,0.183,0.0,0.55,4.15,0.55,1.66
0,1.88,0.0,0.0,0.0,0.0,0.0,0.0,0.0,0.0,0.0
1,0.0,0.0,0.3,0.0,0.0,0.3,0.3,0.0,0.3,0.0
1,0.0,0.0,1.41,0.28,0.0,0.0,0.0,0.0,1.41,0.0
1,0.0,0.0,0.0,0.6,0.0,1.11,0.1,0.0,0.7,0.0
0,0.0,0.0,0.0,0.0,0.0,0.0,0.0,0.0,4.9,0.0
0,0.0,0.0,0.0,0.0,0.0,0.0,2.12,0.0,0.0,0.0
1,0.0,0.0,0.0,0.13,0.013,0.0,0.0,0.0,0.68,0.0
0,0.0,0.0,0.0,0.0,0.0,0.0,0.0,0.0,0.0,0.0
1,0.0,0.0,0.0,2.04,0.0,1.22,0.0,0.0,0.4,0.0
1,0.0,0.0,0.0,0.0,0.019,0.0,0.05,0.0,0.28,0.05
1,0.0,0.0,0.98,0.49,0.0,0.0,0.49,0.0,0.98,0.0
0,0.0,0.0,0.0,0.0,0.0,0.0,0.0,0.0,0.0,0.0
0,0.0,0.0,0.0,0.0,0.0,0.0,0.0,0.0,3.33,0.0
1,0.0,0.0,0.37,0.0,0.0,0.37,0.0,0.0,0.0,0.0
1,0.0,0.0,0.66,0.0,0.0,0.0,0.0,0.0,0.66,0.0
0,0.0,0.0,0.0,0.0,0.0,0.0,0.0,0.0,0.0,0.0
0,0.0,0.0,0.0,0.0,0.0,0.0,0.0,0.0,0.0,0.65
1,0.0,0.0,0.0,0.0,0.0,0.0,0.0,0.0,0.65,0.0
0,0.0,0.0,0.0,0.0,0.08,0.57,0.0,0.0,0.28,0.0
0,0.0,0.0,0.0,0.0,0.0,0.0,0.0,0.0,0.0,0.0
0,0.0,0.0,0.0,0.0,0.0,0.0,0.0,0.0,0.0,0.0
0,0.0,0.0,0.0,0.0,0.0,0.0,0.0,0.0,0.0,0.0
1,0.0,0.0,0.0,0.0,0.0,0.67,0.67,0.0,0.0,0.0
0,0.0,0.0,0.0,0.0,0.182,0.0,0.0,4.87,0.0,0.0
0,0.0,0.0,0.0,0.0,0.0,0.0,0.0,0.0,0.0,0.0
1,0.0,0.0,0.76,0.42,0.0,0.33,0.0,0.0,0.76,0.0
0,0.0,0.0,0.0,0.0,0.0,0.0,0.0,0.0,4.08,0.0
0,0.0,0.0,0.0,0.0,0.232,0.0,0.0,0.81,3.27,0.0
1,0.0,0.0,0.0,0.0,0.0,0.0,0.54,0.0,0.0,0.0
1,0.0,0.0,0.0,0.0,0.0,0.0,0.0,0.0,0.0,0.0
0,0.0,0.0,0.0,0.0,0.0,0.0,0.0,0.0,0.0,0.0
1,0.0,0.0,0.0,0.0,0.0,0.0,0.0,0.0,1.11,0.0
0,0.0,0.0,0.0,0.0,0.0,0.0,3.33,0.0,0.0,0.0
0,0.0,0.0,0.0,0.0,0.0,0.0,0.0,0.0,0.0,0.0
1,0.0,0.0,0.0,0.0,0.0,0.0,0.0,0.0,0.0,0.0
0,0.0,0.0,0.0,0.0,0.0,0.0,0.0,0.0,1.63,0.0
1,0.0,0.0,0.0,0.0,0.195,0.0,0.0,0.0,0.0,0.0
0,0.0,0.0,0.0,0.0,0.0,0.0,0.35,0.71,0.0,0.0
0,0.0,0.0,0.0,0.0,0.0,0.33,0.0,0.33,0.33,0.0
0,0.0,0.0,0.0,0.0,0.0,0.0,0.0,0.0,0.0,0.0
1,0.0,0.0,0.0,0.0,0.058,0.75,0.0,0.0,0.15,0.0
0,0.0,0.0,0.0,0.0,1.352,0.29,0.09,0.49,0.29,0.0
0,0.0,0.0,0.0,0.0,0.0,0.0,2.63,0.0,0.0,0.0
0,0.0,0.0,0.0,0.0,0.0,0.0,0.32,0.32,1.91,0.0
1,0.0,0.0,0.54,1.62,0.0,0.0,0.54,0.0,0.54,0.0
1,0.0,0.0,0.12,0.49,0.0,0.0,0.12,0.0,2.58,0.0
1,0.0,0.0,1.39,0.0,0.0,0.55,0.0,0.0,0.55,0.0
0,0.0,0.0,0.0,0.0,0.0,0.0,0.0,0.0,0.0,0.0
0,0.07,0.0,0.52,0.22,0.111,0.0,0.0,0.07,1.04,0.0
0,0.0,0.0,0.0,0.0,0.187,0.06,0.0,0.69,0.31,0.0
0,0.2,0.2,0.0,0.0,0.0,0.0,0.0,1.6,1.0,0.2
1,0.0,0.0,0.19,1.34,0.027,2.11,0.0,0.0,0.38,0.0
1,0.0,0.0,0.0,0.0,0.0,0.14,0.0,0.0,0.58,0.0
0,0.0,0.0,0.0,0.0,0.213,0.0,0.0,3.2,0.0,0.0
0,0.0,0.0,0.0,0.0,0.0,0.32,0.0,0.0,0.65,0.0
0,0.0,0.22,0.0,0.0,0.148,0.0,0.22,3.56,0.0,0.22
1,0.1,0.0,0.0,0.0,0.0,1.11,0.0,0.0,0.5,0.0
1,0.0,0.0,0.0,0.0,0.0,0.0,0.0,0.0,0.0,0.0
0,0.0,0.0,0.0,0.0,0.0,0.0,0.0,0.0,0.71,0.0
1,0.0,0.0,0.54,0.34,0.016,0.22,0.07,0.0,1.37,0.0
0,0.0,0.0,0.0,0.0,0.0,0.0,0.0,0.9,2.7,0.0
0,0.0,0.0,0.0,0.0,0.0,0.0,0.0,0.0,0.0,0.0
0,0.0,0.0,0.0,0.0,0.0,0.55,0.0,1.65,0.0,0.0
1,0.0,0.0,0.0,0.0,0.0,0.0,0.0,0.0,1.06,0.0
1,0.0,0.0,1.11,0.55,0.0,0.27,0.0,0.0,0.83,0.0
0,0.0,0.0,0.0,0.0,0.0,0.0,0.0,0.0,0.0,0.0
0,0.0,0.0,0.0,0.0,0.0,0.0,0.0,0.0,0.0,0.0
0,0.0,0.0,0.0,0.0,0.0,0.0,0.0,0.0,0.0,0.0
1,0.0,0.0,0.0,0.42,0.0,0.42,0.42,0.0,0.0,0.0
0,0.0,0.0,0.18,0.0,0.008,0.06,0.0,0.42,0.66,0.0
0,0.0,0.0,0.0,0.0,0.0,0.0,1.16,0.0,0.0,0.0
0,0.28,0.0,0.0,0.0,0.0,0.0,0.0,1.13,3.97,0.0
0,0.0,0.74,0.0,0.0,0.0,0.0,0.74,2.23,0.0,0.74
1,0.0,0.0,0.0,0.6,0.0,1.11,0.1,0.0,0.7,0.0
0,0.0,0.0,0.0,0.0,0.0,0.0,0.0,0.0,1.09,0.0
0,0.0,0.0,0.0,0.0,0.0,0.0,1.55,0.0,0.77,0.0
1,0.0,0.0,1.29,0.0,0.0,0.0,0.0,0.0,0.64,0.0
0,0.0,0.0,0.0,0.0,0.0,0.0,0.0,0.0,0.0,0.0
1,0.0,0.0,3.88,0.0,0.0,0.0,0.0,0.0,0.55,0.0
1,0.0,0.0,0.95,0.47,0.0,0.0,0.47,0.0,0.95,0.0
1,0.0,0.0,0.0,1.08,0.0,0.0,1.08,0.0,0.0,0.0
0,0.0,0.0,0.36,0.0,0.0,0.36,0.0,0.72,1.09,0.0
0,0.0,0.0,0.0,0.0,0.088,0.0,0.3,0.3,0.91,0.0
1,0.0,0.0,1.15,0.0,0.0,0.0,0.0,0.0,0.28,0.0
1,0.0,0.0,0.0,0.34,0.0,0.0,0.34,0.0,0.68,0.0
0,0.0,0.0,0.0,0.0,0.0,0.0,0.0,0.0,0.51,0.0
0,0.0,0.0,0.0,0.0,0.0,0.0,0.0,0.0,3.44,0.0
0,0.0,0.0,0.0,0.0,0.0,0.0,0.0,0.0,0.0,0.0
0,0.0,0.0,0.0,0.0,0.0,0.44,0.0,0.44,0.0,0.0
1,0.0,0.0,0.0,0.0,0.0,0.0,0.0,0.0,0.22,0.0
1,0.0,0.0,2.79,0.0,0.0,0.0,0.0,0.0,0.55,0.0
1,0.0,0.0,0.0,1.47,0.0,0.0,0.0,0.0,0.36,0.0
0,0.0,0.0,0.0,0.0,0.0,0.0,0.0,0.0,0.0,0.0
0,0.0,0.0,0.0,0.0,0.0,0.0,0.0,0.28,0.0,0.0
0,0.0,0.0,0.0,0.0,0.0,0.0,0.0,0.0,2.0,0.0
1,0.0,0.0,0.37,0.0,0.0,0.37,0.0,0.0,0.0,0.0
1,0.0,0.0,0.0,0.0,0.0,0.95,0.0,0.0,0.0,0.0
0,0.0,0.0,0.0,0.0,0.0,0.0,0.0,0.0,0.0,1.61
1,0.0,0.0,0.14,0.14,0.0,0.28,0.42,0.0,0.56,0.0
0,0.0,1.56,0.0,0.0,0.0,0.0,0.0,1.56,0.0,1.56
0,0.0,0.0,0.0,0.0,0.466,0.0,0.0,0.69,2.07,0.0
1,0.0,0.0,0.0,0.0,0.0,0.0,0.0,0.0,1.28,0.0
0,0.0,0.0,0.0,0.0,0.0,0.0,0.87,0.0,0.87,0.0
0,0.0,0.0,0.24,0.0,0.0,0.0,0.24,0.24,1.69,0.0
0,0.0,0.0,0.0,0.0,0.0,0.51,0.0,0.0,0.0,0.0
0,0.0,0.0,0.58,0.0,0.0,0.0,0.58,0.0,0.0,0.0
0,0.24,0.24,0.0,0.0,0.018,0.0,0.24,0.62,0.37,0.24
1,0.0,0.0,0.0,2.0,0.0,0.66,0.33,0.0,0.66,0.0
0,0.0,0.0,0.75,0.0,0.0,0.0,0.0,0.0,0.0,0.0
1,0.0,0.0,0.0,0.0,0.0,0.97,0.0,0.0,0.97,0.0
0,0.0,0.0,0.0,0.0,0.0,0.0,0.0,2.63,2.63,0.0
1,0.0,0.0,0.0,0.0,0.0,2.47,0.2,0.0,0.41,0.0
1,0.0,0.0,0.0,0.19,0.04,0.12,0.0,0.0,0.64,0.0
1,0.0,0.0,0.0,1.25,0.0,0.5,0.0,0.0,1.0,0.0
0,0.0,0.0,0.0,0.0,0.08,1.43,0.0,0.71,1.43,0.0
1,0.0,0.0,0.0,0.0,0.0,0.0,0.0,0.0,0.0,0.0
1,0.0,0.0,0.96,0.48,0.0,0.0,0.48,0.0,0.96,0.0
0,1.21,0.0,0.0,0.0,0.238,0.0,1.21,0.0,0.0,0.0
1,0.0,0.0,0.0,0.0,0.0,0.0,0.0,0.0,0.0,0.0
1,0.0,0.0,0.0,0.0,0.0,0.0,0.0,0.0,0.0,0.0
1,0.0,0.0,0.0,0.0,0.0,0.0,0.0,0.0,1.92,0.0
0,0.0,0.0,0.0,0.0,0.0,0.0,0.0,0.0,0.0,0.0
1,0.0,0.0,0.0,0.0,0.0,0.0,0.0,0.0,1.9,0.0
0,0.0,0.0,0.0,0.0,0.0,0.0,0.0,0.0,0.0,0.0
0,0.0,0.0,0.0,0.0,0.0,0.0,0.0,0.0,0.0,0.0
0,0.0,0.0,0.0,0.0,0.0,0.0,0.0,0.0,0.0,0.0
1,0.0,0.0,0.14,0.0,0.0,0.14,0.0,0.0,0.28,0.0
1,0.0,0.0,0.0,0.0,0.0,1.37,0.0,0.0,0.0,0.0
0,0.0,0.0,0.0,0.0,0.0,0.0,0.0,0.0,0.0,0.0
0,0.73,0.73,0.0,0.0,0.388,0.0,0.73,5.88,0.73,0.73
0,0.58,0.0,0.0,0.0,0.0,0.0,0.58,0.0,0.0,0.0
0,1.21,0.0,0.0,0.0,0.0,0.0,1.21,0.0,0.0,0.0
0,0.0,0.0,0.0,0.0,0.0,0.0,0.0,0.0,0.0,0.0
0,0.0,0.0,0.0,0.0,0.0,0.0,0.25,0.0,0.25,0.0
1,0.0,0.0,0.0,0.0,0.0,0.0,0.0,0.0,0.0,0.0
0,2.56,0.0,0.0,0.0,0.0,0.0,2.56,0.0,0.0,0.0
1,0.0,0.0,0.08,0.85,0.0,0.93,0.08,0.0,0.59,0.0
1,0.0,0.0,0.33,1.03,0.0,0.02,0.02,0.0,0.89,0.0
0,0.0,2.32,0.0,0.0,0.0,0.0,0.0,2.32,0.0,2.32
0,0.0,0.0,0.0,0.0,0.0,0.0,0.0,0.0,0.0,0.0
0,0.0,0.0,0.0,0.0,0.0,0.0,0.0,0.0,0.0,0.0
0,0.0,0.0,0.18,0.0,0.038,0.13,0.05,0.0,0.47,0.01
0,0.0,0.0,0.0,0.0,0.0,0.0,0.0,0.0,0.0,0.0
1,0.02,0.0,0.0,0.0,0.0,0.0,0.0,0.0,0.09,0.0
1,0.0,0.0,0.0,0.0,0.0,0.0,0.0,0.0,0.0,0.0
1,0.0,0.0,0.0,0.0,0.305,0.0,0.0,0.0,0.0,0.0
0,0.16,0.0,0.08,0.08,0.08,0.0,0.08,0.66,2.24,0.82
0,0.0,0.0,0.0,0.0,0.0,0.0,0.0,0.0,0.0,0.0
1,0.0,0.0,0.62,0.0,0.0,0.0,0.0,0.0,0.0,0.0
1,0.0,0.0,0.0,0.0,0.0,0.66,0.66,0.0,0.0,0.0
0,0.0,0.0,0.0,0.0,0.0,0.0,0.0,0.78,0.78,0.0
1,0.0,0.0,0.0,0.0,0.0,0.0,0.0,0.0,0.0,0.0
0,0.0,0.0,0.0,0.0,0.0,0.0,2.7,0.0,0.0,0.0
1,0.0,0.0,0.0,0.0,0.0,0.0,0.0,0.0,0.0,0.0
1,0.0,0.0,0.0,0.0,0.0,0.0,1.33,0.0,0.0,0.0
0,0.0,0.0,0.0,0.0,0.0,0.22,0.0,0.22,0.88,0.0
1,0.0,0.0,0.0,0.0,0.0,0.0,0.0,0.0,0.58,0.0
0,1.58,0.0,0.0,0.0,0.0,0.0,1.58,0.0,0.0,0.0
0,0.93,0.93,0.0,0.0,0.0,0.0,0.93,1.86,0.0,0.93
0,0.0,0.0,0.48,0.96,0.0,0.0,0.48,0.0,0.0,0.0
1,0.0,0.0,1.29,0.0,0.0,0.0,0.0,0.0,0.64,0.0
0,0.0,0.0,0.0,0.0,0.0,0.0,0.0,0.0,0.0,2.0
0,0.0,0.0,0.0,0.0,0.0,0.0,0.0,0.0,0.6,0.0
1,0.0,0.0,0.0,0.0,0.0,0.0,0.0,0.0,1.9,0.0
1,0.0,0.0,0.0,0.0,0.0,1.25,0.0,0.0,0.62,0.0
1,0.0,0.0,0.0,0.0,0.0,0.0,0.0,0.0,3.12,0.0
1,0.0,0.0,0.0,0.0,0.0,0.0,0.0,0.0,0.0,0.0
0,0.0,0.0,0.0,0.0,0.0,0.0,1.28,0.0,0.0,0.0
0,0.0,0.0,0.0,0.0,0.0,0.0,0.0,3.7,0.0,0.0
0,0.0,0.0,0.0,0.0,0.0,0.0,0.0,0.0,0.0,0.0
1,0.0,0.0,0.0,0.0,0.0,0.0,0.0,0.0,0.0,0.0
1,0.0,0.0,0.0,0.0,0.0,0.0,0.0,0.0,0.0,0.0
0,0.0,0.0,0.0,0.0,0.0,0.0,0.0,0.0,0.0,0.0
0,0.0,0.0,0.0,0.0,0.0,0.0,0.0,0.0,0.0,0.0
0,2.94,0.0,0.0,0.0,0.0,0.0,0.0,0.0,2.94,0.0
0,0.0,0.0,0.0,0.0,0.0,0.0,0.0,0.0,0.0,0.0
1,0.0,0.0,0.0,0.0,0.0,0.0,0.0,0.0,0.0,0.0
0,0.0,0.0,0.0,0.0,0.0,1.36,0.0,0.0,0.0,0.0
1,0.0,0.0,0.0,0.15,0.0,0.5,0.05,0.05,0.3,0.0
1,0.0,0.0,0.31,0.0,0.0,0.0,0.0,0.0,1.25,0.0
0,0.0,0.0,0.0,0.0,0.0,0.0,0.0,0.0,0.0,0.0
1,0.0,0.0,0.0,0.6,0.0,1.11,0.1,0.0,0.7,0.0
1,0.0,0.0,0.0,0.0,0.0,0.0,0.0,0.0,1.29,0.0
0,0.0,0.0,0.0,0.0,0.0,2.46,0.0,1.23,2.46,0.0
1,0.0,0.0,0.0,0.0,0.0,0.0,0.0,0.0,0.0,0.0
0,0.0,0.0,0.0,0.0,0.0,0.0,0.0,0.0,0.0,0.0
1,0.0,0.0,0.0,0.0,0.0,0.0,1.56,0.0,0.0,0.0
1,0.0,0.0,0.86,0.0,0.0,0.0,0.0,0.0,0.43,0.0
1,0.0,0.0,0.0,0.0,0.0,0.0,0.0,0.0,1.53,0.0
0,0.0,0.0,0.0,0.0,0.0,0.0,0.0,0.0,0.0,0.0
0,0.0,0.0,0.0,0.0,0.0,0.0,0.0,0.0,0.55,0.55
1,0.0,0.0,0.0,0.0,0.0,0.6,0.0,0.0,0.6,0.0
1,0.33,0.0,0.44,0.11,0.0,0.0,0.44,0.0,0.22,0.0
1,0.0,0.0,0.0,0.0,0.0,0.0,0.0,0.0,0.0,0.0
1,0.0,0.0,0.18,0.0,0.0,0.56,0.0,0.0,0.56,0.0
1,0.0,0.0,0.0,0.0,0.0,0.0,1.24,0.0,1.24,0.0
1,0.0,0.0,0.0,0.0,0.0,2.43,0.0,0.0,0.0,0.0
0,0.0,0.0,0.0,0.0,0.0,0.0,0.0,0.0,0.0,0.0
0,0.0,0.0,0.0,0.0,0.0,0.0,0.0,0.0,0.0,0.0
1,0.0,0.0,0.0,0.0,0.0,0.0,0.0,0.0,0.0,0.0
0,1.06,0.0,0.0,0.0,0.0,0.0,0.0,0.0,2.12,0.0
0,0.0,0.0,0.0,0.0,0.0,0.0,0.0,0.0,0.0,0.0
0,0.0,0.0,1.23,0.0,0.0,0.0,0.0,0.0,1.23,0.0
0,0.0,0.0,0.0,0.0,0.0,1.13,0.0,0.0,0.0,0.0
1,0.0,0.0,0.81,0.0,0.0,0.0,0.0,0.0,0.0,0.0
0,0.0,0.0,0.78,0.0,0.079,0.0,0.0,0.0,0.87,0.0
0,0.0,0.0,0.0,0.0,0.056,0.33,0.0,0.0,0.33,0.0
0,0.0,0.0,0.0,0.0,0.0,0.0,2.5,0.0,0.0,0.0
0,0.0,0.0,0.0,0.0,0.0,0.0,0.0,0.0,0.0,0.0
0,0.0,0.0,0.0,0.0,0.0,0.0,0.0,1.81,0.0,0.0
0,0.0,0.0,0.0,0.0,0.0,0.0,0.0,0.0,0.0,0.0
1,0.0,0.0,0.0,1.12,0.0,0.0,1.12,0.0,0.0,0.0
1,0.0,0.0,0.0,0.0,0.0,0.0,0.0,0.0,0.0,0.0
1,0.0,0.0,0.76,0.0,0.0,0.76,0.0,0.0,0.0,0.0
1,0.0,0.0,0.12,0.0,0.0,0.12,0.12,0.0,0.96,0.12
1,0.0,0.0,0.1,0.73,0.0,0.0,0.0,0.0,0.62,0.0
1,0.0,0.0,0.7,0.35,0.0,0.35,0.0,0.0,0.35,0.0
1,0.0,0.0,0.0,0.0,0.0,0.41,0.0,0.0,0.41,0.0
0,0.0,0.0,0.0,0.0,0.0,0.0,0.0,1.11,3.33,1.11
1,0.0,0.0,0.0,0.0,0.0,0.0,0.0,0.0,0.45,0.0
0,3.33,0.0,0.0,0.0,0.0,1.66,0.0,1.66,0.0,0.0
0,0.0,0.0,0.0,0.0,0.03,0.0,0.0,0.0,0.0,0.0
0,0.0,0.0,0.0,0.0,0.0,0.0,0.0,0.0,0.0,0.0
1,0.0,0.0,0.0,3.57,0.0,0.0,0.0,0.0,0.0,0.0
0,0.0,0.0,0.0,0.0,0.0,0.0,0.0,0.0,0.0,0.0
1,0.0,0.0,0.0,0.0,0.0,0.0,0.05,0.0,1.07,0.0
1,0.0,0.0,0.41,0.41,0.0,0.0,0.0,0.0,0.41,0.0
0,0.0,0.0,0.0,0.0,0.0,0.0,2.7,0.0,0.0,0.0
1,0.53,0.0,0.53,1.59,0.0,0.53,0.0,0.0,1.06,0.0
0,0.0,0.0,0.0,0.0,0.0,0.0,0.0,0.0,0.0,0.0
0,0.0,0.0,0.0,0.0,0.0,0.0,0.0,0.0,0.0,0.0
1,0.0,0.0,0.0,0.0,0.0,0.0,0.0,0.0,0.49,0.0
0,1.69,0.0,0.0,0.0,0.0,0.0,0.84,0.0,0.0,0.0
1,0.0,0.0,0.0,0.0,0.0,0.85,0.0,0.0,0.85,0.0
1,0.0,0.0,3.84,0.0,0.0,0.0,0.0,0.0,0.0,0.0
0,1.25,0.0,0.0,0.0,0.0,0.0,1.25,1.25,1.25,0.0
1,0.0,0.0,0.0,0.0,0.0,0.0,0.0,0.0,0.85,0.0
0,0.0,0.0,0.0,0.0,0.0,0.0,0.0,0.0,0.0,0.0
0,0.0,0.0,0.0,0.0,0.044,0.3,0.0,0.0,0.0,0.0
0,0.0,0.0,0.0,0.0,0.0,0.0,0.0,0.0,0.0,0.0
1,0.0,0.0,0.0,0.0,0.0,0.0,0.0,0.0,0.0,0.0
0,0.0,0.0,0.0,0.0,0.0,0.0,0.0,0.0,0.9,0.0
0,0.21,0.0,0.0,0.0,0.238,0.0,0.64,0.21,0.21,0.0
1,0.0,0.0,0.0,0.0,0.0,0.0,0.0,0.0,0.0,0.0
0,0.0,0.0,0.0,0.0,0.0,0.0,0.0,6.38,0.0,0.0
0,0.0,0.0,0.0,0.0,0.0,0.0,3.33,0.0,0.0,0.0
0,0.0,0.0,0.0,0.0,0.0,0.0,0.0,4.16,0.0,0.0
0,0.0,0.0,0.0,0.0,0.0,0.0,0.0,0.0,0.0,0.0
1,0.0,0.0,0.28,0.0,0.084,0.0,0.0,0.0,0.57,0.0
0,0.0,0.39,0.0,0.0,0.093,0.0,1.19,0.39,0.0,0.39
1,0.0,0.0,0.0,0.0,0.0,0.27,0.0,0.0,0.0,0.0
1,0.0,0.0,0.89,0.44,0.0,0.0,1.34,0.0,0.0,0.0
0,0.0,0.0,0.0,0.0,0.016,0.0,0.0,0.0,0.32,0.0
1,0.0,0.0,0.0,0.0,0.0,0.12,0.0,0.0,0.9,0.12
1,0.0,0.0,2.79,0.0,0.0,0.0,0.0,0.0,0.55,0.0
0,0.0,0.0,0.0,0.0,0.0,0.0,0.0,1.49,0.59,0.0
1,0.0,0.0,0.0,0.0,0.0,0.34,0.0,0.0,0.68,0.0
1,0.0,0.0,0.42,0.94,0.0,0.02,0.02,0.0,0.9,0.0
1,0.0,0.0,0.0,2.59,0.0,0.0,0.0,0.0,0.0,0.0
0,0.0,0.0,0.0,0.0,0.0,0.0,0.0,0.0,0.0,0.0
0,1.33,0.0,0.0,0.0,0.865,0.0,0.0,8.0,0.0,0.0
0,0.0,0.0,0.0,0.0,0.0,0.0,0.0,0.0,0.29,0.0
1,0.52,0.0,0.0,0.0,0.0,0.0,0.0,0.0,0.0,0.0
0,0.0,0.0,0.0,0.0,0.0,0.0,0.0,0.0,0.0,0.0
1,0.0,0.0,1.09,0.0,0.0,0.0,1.09,0.0,0.0,0.0
1,0.0,0.0,0.08,0.85,0.0,0.93,0.08,0.0,0.59,0.0
0,0.0,0.0,0.1,0.1,0.074,0.0,0.0,0.0,0.41,0.0
1,0.0,0.0,0.33,0.0,0.0,0.33,0.0,0.0,1.0,0.0
0,0.0,0.0,0.0,0.0,0.0,0.0,0.0,0.0,0.0,0.0
0,0.0,0.0,0.0,0.0,0.14,0.0,0.0,1.19,0.1,0.0
0,0.19,0.0,0.12,0.25,0.0,0.0,0.06,0.38,0.19,0.0
1,0.0,0.0,0.17,0.34,0.0,0.08,0.0,0.0,0.6,0.0
1,0.0,0.0,0.08,0.9,0.0,1.56,0.08,0.0,1.23,0.0
0,0.0,0.0,0.0,0.0,0.0,0.0,0.0,2.63,1.31,0.0
1,0.0,0.0,0.0,0.0,0.451,0.0,0.0,0.0,0.0,0.0
0,0.0,0.0,0.0,0.0,0.0,0.0,0.0,0.0,0.0,0.0
0,0.0,0.0,0.0,0.0,0.0,0.0,0.0,0.0,0.0,0.0
0,0.0,0.0,0.0,0.0,0.0,0.0,0.0,0.0,0.95,0.0
1,0.0,0.0,0.6,0.08,0.097,0.0,0.26,0.0,0.69,0.0
0,0.0,0.0,0.0,0.0,0.0,0.0,0.48,0.0,0.0,0.0
1,0.0,0.0,0.8,0.0,0.0,0.8,0.0,0.0,0.0,0.0
1,0.0,0.0,0.31,0.0,0.0,0.21,0.1,0.0,0.52,0.0
1,0.0,0.0,0.15,0.62,0.0,1.4,0.0,0.0,0.0,0.0
0,0.0,0.0,0.0,0.0,0.0,0.0,0.0,0.0,0.0,1.34
1,0.0,0.0,0.0,0.0,0.0,0.0,0.0,0.0,0.0,0.0
0,0.0,0.0,0.82,0.0,0.0,0.0,0.0,0.0,1.65,0.0
0,0.0,0.0,0.0,0.0,0.0,0.0,3.03,0.0,0.0,0.0
0,0.0,0.0,0.0,0.0,0.263,0.0,0.0,0.0,0.0,0.0
1,0.0,0.0,0.0,0.0,0.153,0.0,0.22,0.0,0.0,0.0
1,0.0,0.0,0.0,0.0,0.0,0.0,0.0,0.0,0.0,0.0
1,0.0,0.0,1.92,0.21,0.0,0.42,0.0,0.0,0.85,0.0
1,0.0,0.0,0.0,0.0,0.0,0.0,0.0,0.0,0.0,0.0
0,0.0,0.0,0.0,0.0,0.0,0.0,4.16,0.0,4.16,0.0
0,0.0,0.0,0.0,0.0,0.184,0.0,0.0,1.13,0.0,0.0
1,0.0,0.0,0.0,0.16,0.344,0.32,0.16,0.0,0.24,0.0
1,0.0,0.0,1.17,0.0,0.0,0.0,1.17,0.0,1.17,0.0
1,0.0,0.0,0.0,0.46,0.0,0.92,0.46,0.0,0.46,0.0
1,0.0,0.0,0.0,0.0,0.0,0.0,0.0,0.0,0.0,0.0
1,0.0,0.0,0.0,3.62,0.0,3.43,0.0,0.0,0.57,0.0
0,0.0,0.0,0.0,0.0,0.0,0.0,0.0,0.0,1.61,0.0
0,0.0,0.0,0.0,0.0,0.0,0.0,0.0,0.76,2.28,0.38
0,0.0,0.0,0.0,0.0,0.106,0.0,0.0,0.23,0.23,0.0
1,0.0,0.0,0.0,0.32,0.0,0.0,0.0,0.0,0.0,0.0
1,0.0,0.0,0.0,0.0,0.0,0.0,0.38,0.0,0.0,0.0
0,0.0,0.0,0.27,0.0,0.0,0.0,0.0,0.0,0.27,0.0
1,0.0,0.0,0.0,0.0,0.0,4.16,0.0,0.0,2.08,0.0
1,0.0,0.0,0.0,4.01,0.0,0.0,0.0,0.0,0.0,0.0
0,2.64,0.0,0.0,0.0,0.084,0.0,0.52,2.64,3.17,0.0
0,0.0,0.0,0.0,0.0,0.0,0.0,2.5,0.0,0.0,0.0
0,0.0,0.58,0.0,0.0,0.188,0.0,0.58,1.17,0.0,0.58
0,0.19,0.0,0.0,0.0,0.28,0.19,0.0,1.19,1.98,0.0
0,0.0,0.0,0.0,0.0,0.0,0.0,0.0,0.59,0.59,0.0
0,0.0,0.0,0.29,0.0,0.0,0.0,0.0,0.0,0.29,0.0
0,0.0,0.0,0.15,0.15,0.023,0.0,0.61,0.0,1.38,0.0
0,0.0,0.0,0.0,0.0,0.0,1.96,0.0,0.0,0.0,0.0
1,0.0,0.0,0.58,0.0,0.0,0.29,0.0,0.0,0.87,0.0
0,0.0,0.0,0.0,0.0,0.0,0.0,1.63,0.0,0.0,0.0
1,0.0,0.0,0.0,0.0,0.0,0.96,0.24,0.0,0.48,0.0
0,0.0,0.0,0.0,0.0,0.0,1.38,1.38,0.0,0.0,0.0
1,0.0,0.0,0.0,0.0,0.0,0.0,0.28,0.0,0.84,0.0
0,0.0,0.68,0.0,0.0,0.0,0.0,0.68,1.37,0.0,0.68
0,0.0,0.0,0.0,0.0,0.0,0.0,3.33,0.0,0.0,0.0
0,0.0,0.0,0.0,0.0,0.0,0.0,0.0,4.41,0.0,0.0
0,0.0,0.0,0.11,0.11,0.047,0.0,0.0,0.0,0.0,0.0
0,0.0,0.0,0.0,0.0,0.0,0.0,0.0,0.0,0.72,0.0
0,0.33,0.33,0.0,0.0,0.0,0.33,0.33,1.0,0.0,0.33
1,0.0,0.0,0.0,0.0,0.063,0.0,0.0,0.0,0.72,0.0
0,0.0,0.0,0.0,0.0,0.0,0.0,0.0,0.0,0.0,0.0
0,0.0,0.0,0.27,0.0,0.128,0.0,0.0,0.55,1.94,0.0
0,0.0,0.0,0.0,0.0,0.0,0.0,0.0,0.0,1.38,0.0
0,0.0,0.0,0.0,0.0,0.0,0.0,0.0,0.41,0.0,0.41
0,0.0,0.0,0.0,0.0,0.0,0.0,1.42,0.0,0.0,0.0
0,0.0,0.0,0.0,0.0,0.0,0.0,0.0,0.0,0.0,0.0
0,0.0,0.0,0.0,0.0,0.0,0.97,0.0,0.0,0.97,0.0
0,0.0,0.0,0.0,0.0,0.0,0.0,0.0,3.7,0.0,0.0
1,0.0,0.0,0.1,0.74,0.0,0.0,0.0,0.0,0.64,0.0
1,0.0,0.0,1.63,0.0,0.0,0.27,0.0,0.0,0.54,0.0
0,0.0,0.0,0.01,0.0,0.05,0.07,0.0,0.0,0.0,0.0
1,0.0,0.0,0.0,2.95,0.0,0.0,0.0,0.0,1.18,0.0
1,0.0,0.0,0.0,0.0,0.0,0.0,0.0,0.0,0.0,0.0
0,0.0,0.0,0.0,0.0,0.0,0.0,7.69,0.0,0.0,0.0
1,0.0,0.0,0.0,0.0,0.0,0.0,0.0,0.0,0.0,0.0
0,0.0,0.0,0.0,0.0,0.0,0.0,0.0,0.0,0.0,0.0
0,0.37,0.0,0.0,0.0,0.0,0.0,0.37,0.37,0.37,0.0
1,0.0,0.0,0.0,0.0,0.0,1.92,0.0,0.0,0.0,0.0
1,0.0,0.0,0.0,0.0,0.333,0.0,0.27,0.0,0.27,0.0
0,0.0,0.0,0.0,0.0,0.0,0.0,2.01,0.0,0.0,0.0
0,0.0,0.0,0.0,0.0,0.0,0.0,0.0,0.0,0.23,0.0
1,0.0,0.0,0.44,0.08,0.098,0.0,0.26,0.0,0.71,0.0
0,0.0,0.0,0.0,0.0,0.0,0.0,0.0,1.58,0.0,0.0
0,0.0,0.0,0.0,0.0,0.022,0.0,0.0,0.0,0.0,0.0
0,0.0,0.0,0.0,0.0,0.0,0.55,0.0,0.0,0.0,0.0
0,0.91,0.0,0.91,0.0,0.0,0.0,0.0,0.0,4.58,0.0
0,0.0,0.0,0.0,0.0,0.0,0.0,2.32,0.0,0.0,0.0
0,0.0,0.0,0.0,0.0,0.0,0.0,0.0,0.54,0.54,0.0
1,0.0,0.0,0.0,0.52,0.0,1.56,0.0,0.0,0.26,0.0
0,0.84,0.0,0.84,0.0,0.0,0.0,0.84,0.0,0.0,0.0
0,0.0,0.0,1.95,0.0,0.0,0.0,0.53,0.17,0.88,0.0
1,0.0,0.0,0.1,0.0,0.0,0.38,0.0,0.0,0.02,0.0
0,0.0,1.2,0.0,0.0,0.0,0.0,1.2,1.2,0.0,1.2
0,0.0,0.0,0.0,0.0,0.0,0.0,0.0,0.0,0.0,0.0
0,0.0,0.0,0.0,0.0,0.0,0.0,0.0,0.0,0.0,0.0
0,0.0,0.0,0.0,0.0,0.088,0.89,0.29,0.0,0.0,0.0
1,0.0,0.0,0.0,0.6,0.0,1.11,0.1,0.0,0.7,0.0
0,0.0,0.0,0.0,0.0,0.0,0.0,0.0,0.0,2.0,0.0
0,0.0,4.0,0.0,0.0,0.0,0.0,0.0,4.0,0.0,4.0
1,0.0,0.0,0.0,0.0,0.0,0.0,0.0,0.0,0.45,0.0
0,0.0,0.0,0.0,0.0,0.0,0.0,0.0,0.0,0.0,0.0
0,0.0,0.0,0.0,0.0,0.0,1.4,0.0,0.0,0.0,0.0
0,0.0,0.0,0.0,0.0,0.0,0.0,0.0,0.0,0.0,0.0
1,0.0,0.0,0.0,0.0,0.0,0.69,0.0,0.0,0.0,0.0
0,0.0,0.0,0.0,0.0,0.0,0.0,0.0,0.0,0.26,0.0
0,0.0,0.0,0.0,0.0,0.0,0.0,0.0,0.0,0.0,0.54
0,0.0,0.0,0.0,0.0,0.0,0.0,0.0,2.77,0.0,0.0
0,0.0,0.0,0.0,0.0,0.0,0.0,0.0,0.0,0.0,0.72
0,0.0,1.2,0.0,0.0,0.0,0.0,0.0,1.2,0.0,1.2
1,1.07,0.0,0.0,1.07,0.0,0.0,0.0,0.0,0.0,0.0
1,0.0,0.0,0.0,0.0,0.0,0.65,0.0,0.0,0.0,0.0
1,0.0,0.0,0.0,0.0,0.0,0.0,0.44,0.0,1.34,0.0
0,0.0,0.0,0.0,0.0,0.0,1.88,0.0,0.0,0.0,0.0
0,0.0,0.0,0.46,0.0,0.0,0.0,0.15,0.3,0.92,0.3
1,0.0,0.0,0.0,0.49,0.0,0.32,0.0,0.0,0.57,0.0
0,0.0,0.0,0.0,0.0,1.151,0.0,0.0,0.0,0.78,0.0
0,0.0,0.0,0.0,0.0,0.0,0.0,0.0,3.96,0.99,0.0
1,0.0,0.0,0.0,0.76,0.0,0.38,0.0,0.0,0.0,0.0
0,0.2,0.0,0.0,0.0,0.085,0.0,0.0,2.3,0.2,0.0
1,0.2,0.0,1.25,0.62,0.0,0.0,0.0,0.0,1.25,0.0
0,0.0,0.0,0.0,0.0,0.0,0.0,0.29,0.0,0.0,0.0
0,0.0,0.0,0.0,0.0,0.0,0.0,1.49,0.0,0.0,0.0
0,0.0,0.0,0.0,0.0,0.0,0.0,0.0,0.0,1.29,0.0
0,0.0,0.0,0.0,0.0,0.0,0.0,0.0,0.0,0.93,0.0
0,0.0,0.0,0.2,0.0,0.028,0.0,0.06,0.0,1.4,0.0
0,0.0,0.0,0.0,0.0,0.0,0.0,3.33,0.0,0.0,0.0
1,0.0,0.0,0.1,0.74,0.0,0.0,0.0,0.0,0.64,0.0
0,0.0,0.0,0.0,0.0,0.0,0.0,0.0,0.0,0.0,0.0
0,0.0,0.0,0.08,0.0,0.0,0.0,0.0,0.0,0.0,0.0
1,0.0,0.0,0.0,0.0,0.0,0.0,0.0,0.0,0.0,0.0
1,0.0,0.0,0.39,1.18,0.0,0.0,0.0,0.0,0.79,0.0
0,0.0,0.0,0.0,0.0,0.0,0.0,0.0,0.0,0.71,0.71
0,0.0,0.0,0.0,0.0,0.0,0.0,0.0,0.0,0.0,0.64
1,0.0,0.0,0.0,0.0,0.063,0.0,0.0,0.0,1.3,0.0
0,0.0,0.0,0.0,0.0,0.0,0.0,0.0,0.0,0.0,0.0
0,0.0,0.0,0.0,0.0,0.0,0.0,0.0,0.0,0.0,0.0
1,0.0,0.0,0.0,0.0,0.0,1.73,0.0,0.0,0.0,0.0
1,0.0,0.0,0.0,0.0,0.0,0.0,0.0,0.0,0.0,0.0
0,0.0,0.0,0.0,0.0,0.0,0.0,1.36,0.0,1.36,0.0
0,0.0,0.0,0.96,0.0,0.018,0.0,0.34,0.0,0.13,0.0
1,0.0,0.0,0.46,1.38,0.0,0.46,0.0,0.0,1.38,0.0
0,0.0,0.0,0.0,0.0,0.0,0.0,0.0,2.32,0.0,0.0
1,0.0,0.0,0.0,0.0,0.0,0.0,0.0,0.0,2.46,0.0
0,0.0,0.0,0.0,0.0,0.0,0.0,0.75,0.0,0.75,0.0
0,0.0,0.0,0.0,0.0,0.0,0.0,14.28,0.0,0.0,0.0
0,0.0,0.0,0.0,0.0,0.0,0.0,0.0,0.0,0.0,0.0
1,0.0,0.0,0.0,0.0,0.044,0.0,0.0,0.0,0.19,0.0
0,0.0,0.0,0.88,0.0,0.0,0.88,0.0,0.0,0.0,0.0
0,0.0,0.0,0.0,0.0,0.0,0.0,0.0,0.0,0.84,0.0
0,0.0,0.0,0.0,0.0,0.0,0.0,0.0,2.19,0.0,0.0
0,0.0,0.0,0.0,0.0,0.0,0.0,0.0,0.0,3.03,0.0
1,0.0,0.0,0.0,0.15,0.0,0.5,0.05,0.05,0.3,0.0
0,0.0,0.0,0.0,0.0,0.0,0.0,0.0,0.0,0.0,0.0
1,0.0,0.0,0.0,0.0,0.0,0.0,0.0,0.0,0.0,0.0
0,0.0,0.0,0.06,0.0,0.028,0.0,0.06,0.0,0.95,0.0
0,0.0,0.0,0.0,0.0,0.0,0.0,0.0,1.49,1.49,0.0
1,0.0,0.0,0.0,0.0,0.0,0.0,0.0,0.0,0.0,0.0
0,0.0,0.0,0.0,0.0,0.0,0.0,0.0,0.0,2.63,0.0
0,0.0,0.0,0.0,0.0,0.0,0.0,0.0,0.0,0.0,0.0
1,0.0,0.0,0.37,0.0,0.0,0.37,0.0,0.0,0.0,0.0
1,0.0,0.0,0.0,0.0,0.0,0.0,0.0,0.0,0.0,0.0
0,0.0,0.0,0.0,0.0,0.0,0.0,0.0,0.0,1.36,0.0
0,0.0,0.0,0.0,0.0,0.0,0.0,3.03,0.0,0.0,0.0
1,0.0,0.0,0.0,0.0,0.0,0.0,0.0,0.0,1.31,0.0
0,1.96,0.0,0.0,0.0,0.0,0.0,1.96,0.0,0.0,0.0
1,0.0,0.0,0.0,0.0,0.0,0.0,0.0,0.0,1.31,0.0
0,0.0,0.0,0.0,0.0,0.0,0.0,0.0,0.0,0.0,0.0
1,0.48,0.0,0.48,3.38,0.0,0.48,0.0,0.0,0.96,0.0
0,0.0,0.0,0.0,0.0,0.0,0.0,0.0,0.29,0.0,0.0
1,0.0,0.0,0.33,1.03,0.0,0.02,0.02,0.0,0.89,0.0
1,0.0,0.0,0.78,0.78,0.0,0.0,0.0,0.0,0.0,0.0
0,0.0,0.0,0.0,0.0,0.0,0.0,0.0,0.0,0.0,0.0
0,0.0,0.0,0.15,0.23,0.011,0.0,0.0,0.0,1.84,0.0
0,0.0,0.32,0.0,0.0,0.264,0.32,0.96,3.52,0.32,0.64
1,0.0,0.0,0.0,0.0,0.0,0.0,0.0,0.0,0.0,0.0
0,0.0,0.0,0.0,0.0,0.0,1.33,0.0,1.33,0.0,0.0
1,0.0,0.0,0.53,1.61,0.0,0.0,0.53,0.0,0.53,0.0
0,0.0,0.0,0.05,0.1,0.025,0.0,0.1,0.0,0.21,0.0
1,0.0,0.0,0.0,0.0,0.0,1.81,0.9,0.0,0.0,0.0
1,0.0,0.0,0.37,0.46,0.0,0.46,0.28,0.0,0.46,0.0
0,0.0,0.0,0.33,0.0,0.0,0.0,0.0,0.0,0.0,0.0
0,0.0,0.0,0.0,0.0,0.0,0.0,0.0,0.0,0.0,0.0
0,0.33,0.33,0.0,0.0,0.0,0.0,1.35,1.01,0.33,0.33
0,0.0,0.0,0.0,0.0,0.013,0.0,0.0,0.0,0.2,0.0
1,0.0,0.0,0.0,0.0,0.0,0.0,0.0,0.0,0.0,0.0
1,0.0,0.0,0.0,0.0,0.0,0.72,0.0,0.0,0.0,0.0
0,0.0,0.0,0.0,0.0,0.0,1.12,0.0,1.12,0.0,0.0
1,0.0,0.0,0.47,1.42,0.0,0.0,0.47,0.0,0.47,0.0
0,0.0,0.0,0.0,0.23,0.0,0.0,0.23,0.0,0.23,0.0
0,0.0,0.0,0.0,0.0,0.0,0.0,0.0,0.0,0.0,0.0
1,0.0,0.0,0.0,0.0,0.0,0.0,0.0,0.0,2.29,0.0
0,0.67,0.0,0.0,0.0,0.0,0.0,2.01,0.0,0.0,0.0
0,0.0,0.0,0.0,0.0,0.0,0.0,0.0,0.0,0.0,0.0
0,0.0,0.0,0.0,0.0,0.0,0.0,0.0,0.0,0.0,0.0
0,0.27,0.27,0.0,0.0,1.411,0.0,0.54,0.81,0.81,0.27
0,0.0,0.0,0.0,0.0,0.0,0.0,0.0,0.58,2.32,0.0
1,0.0,0.0,0.0,0.0,0.0,0.59,0.0,0.0,1.19,0.0
0,4.34,0.0,0.0,0.0,0.0,0.0,0.0,0.0,0.0,0.0
1,0.0,0.0,0.0,0.0,0.0,0.0,0.0,0.0,0.0,0.0
1,0.74,0.0,0.0,0.0,0.0,0.0,0.0,0.0,0.0,0.0
1,0.0,0.0,0.0,0.0,0.0,0.0,0.0,0.0,0.54,0.0
