col0,col1,col2,col3,col4,col5,col6,col7,col8,col9,col10,col11,col12,col13,col14,label
-1.3977822757048117,0.6392529366598139,-1.5529780824907258,0.865564589728503,-40.967202541059386,-0.5079199851140143,0.3956406875785106,1,0.08840985691441719,0,-7.200913253821224,1.3461204237213564,-0.007339405899171105,-6.744834684469334,67.36533670344694,0.49051544812698467
0.6378218087970762,1.5796319235740164,2.819660707925688,-1.1345172063585516,-39.967202541059386,0.650005744726454,0.3286886330319143,0,-1.2304469355320522,0,-0.7019669396757678,0.6953591621328186,-0.41799460513135167,-5.606823446449292,80.67739488318944,89.17548856774792
2.218003072543263,0.24457778487989673,1.3064560343643452,0.6962315889694811,-40.967202541059386,0.18303497069577576,-1.3072215810089558,0,0.8765446186200847,1,-7.961813575586804,-0.3258728533439689,0.600688635647188,-7.862497721188908,-16.28984885207724,538.593676250116
0.5695162396454738,-0.34741667589949105,0.5751597082069911,-1.3711480587074498,-39.967202541059386,0.1438114589251256,-0.36518792144293444,1,1.5627430824809436,1,-3.1887293211997987,0.6231489897764658,1.0283794356016691,-7.229947201812475,15.566496269994015,116.35912905845946
-1.764217846046223,0.6197119367186107,-0.4045621682885143,0.6517287737217246,-40.967202541059386,0.6961249843085393,0.7280223109186047,0,-0.2994647807101191,1,-2.7539755725844772,1.2087654711427014,0.9194292399887092,-5.962480716018029,-28.515056564980483,66.85292237981889
-0.363376383986775,-0.2919014837510065,0.47702123949256897,1.5063958574785186,-39.967202541059386,-0.2657309462083837,0.8936631482107087,1,1.3650538784439898,0,-2.635753186328575,-0.8414926425066119,0.27136628001352103,-6.981361267963833,-19.913857683473402,35.02534716403986
-0.01882926714509276,1.3760539809639598,1.007960285665097,0.7618087191248212,-40.967202541059386,0.5311762822082448,0.1862890926160852,0,1.508911175879672,0,-7.313604739366232,0.085927766941907,-0.5261946495045597,-6.49079614451933,-21.689555863306417,155.39168381548234
-1.1580503854831488,-0.5447664800891354,-0.6070702188947895,-1.6444003712902244,-40.967202541059386,0.7335845193067078,0.34106998197312277,0,0.702723278797077,0,-6.4090125337465595,0.24776858917579359,0.6757341178983132,-6.727480781428047,20.81973119282035,-346.9742710858857
0.296764515738116,2.2067751949209278,0.7696109355387308,0.7438911885463465,-40.967202541059386,-1.5510287246749974,-2.2136834315018756,1,0.2462104473429367,0,-2.18851397322224,-0.7258616094939845,0.0435877587704019,-7.145150146565152,-56.821847693837505,235.59304487060507
0.7294747692240567,-0.22840772754029648,0.7526134683239636,0.5333534843527755,-40.967202541059386,-0.8908503016973112,-0.8425023078968511,1,-0.9044636686172878,0,-0.3450732447098634,0.40543352578169073,1.8317854302225878,-7.114885942844516,24.602494215367017,-168.10384918053748
0.6286880543518558,-0.14814911027397118,-0.23197922119385125,-0.2549946011920863,-40.967202541059386,0.594483597908989,-0.37921176945329726,0,0.10881492534710051,0,0.935207992713279,-0.3526241845570016,1.160436942028825,-7.138323558362214,34.71302266076922,-13.431797901833265
0.9953530188667687,0.22817300523731426,-1.0111364606123123,-1.422438228231568,-40.967202541059386,-0.019993650622382182,0.5025545157511775,0,0.1112024142728929,0,4.368505690039346,1.406585653004867,0.07698589879049997,-5.428887042107639,49.46647058122997,-43.8442067428022
0.34877679090405994,1.633039065908344,1.4491853448972498,0.641149863135687,-40.967202541059386,0.19819145592775156,1.2019728036714543,1,-0.5060061830702826,1,-1.3357416626730085,-0.24455566938556528,-0.7970253228966567,-7.187301073833197,37.90903947257737,138.48865301334536
1.4474096227049635,0.6918706562896819,0.11041856851837738,1.4524393353844631,-39.967202541059386,0.8120848953208932,0.42614753563764884,0,0.1823901332160811,1,-3.8048583804149114,2.5362369529653384,1.379592114009523,-7.72652960334033,57.98318262159962,285.0719554032036
-0.14807713120680474,0.9736933527609404,1.0511647110671463,0.312535807441514,-39.967202541059386,0.546335075043907,-0.3745910256284101,0,0.20623370925259912,0,-3.134176280876239,-0.20556937534331246,-0.47932028952209904,-5.288405086976402,-78.24637542265121,71.30517045944924
-1.7265478515424915,1.0367687728641677,0.04723101889517942,0.7416777004070665,-40.967202541059386,1.654158034082677,-0.2626827793067451,1,0.07866989568188905,0,1.8701986272678155,1.5645961753615851,0.7966587570035132,-6.8327435634395925,41.99428463920568,-140.93715758098915
0.6628166682852196,1.27714089045803,-0.32321531680291693,-0.9873295511370359,-39.967202541059386,-1.7664495594970653,0.9162544025868625,0,-1.5774573143718438,0,-5.744278142064852,-1.5212181593500318,-0.05129091822465685,-5.959975562687684,-35.44719702597023,53.52063875723226
0.03979093074157454,0.49650739247712383,0.2808673686919785,-0.2309490209948959,-40.967202541059386,0.8343330265343264,-0.9757684983581006,1,-0.5481319600867229,0,5.280110178329176,0.10716506443151072,1.8964546346351052,-6.449792440278574,-52.51206921144437,-58.62482639028926
-0.37272987385858525,0.6903106583789009,-0.3205083597723999,-2.1604167468885516,-40.967202541059386,0.2751088415973066,0.36428231845830206,1,-0.628562640612131,0,7.026455236915674,-0.13373357146194104,0.8258306714302491,-7.561015666743075,-34.53016737657427,-76.78879034687597
0.5734039788661198,-3.045713755882684,-0.9418839908924544,-0.855959249090548,-40.967202541059386,-0.3370272828401119,-1.024921754912844,0,-0.09984636393971232,0,-0.4129757212564274,0.8994725626279632,2.145315954044025,-6.194623487984994,20.016641399546494,-221.08579880406757
2.1795469145722595,0.22733919078360912,0.12412387218218089,-0.6614214611872172,-40.967202541059386,-0.5893374845392555,0.4372034478849088,0,-1.248838634269668,0,-6.546446533949106,1.0376068788936499,-1.068361288626497,-6.769412686049027,-20.330692749759656,315.86251813294143
-0.2107149543890463,-0.5900490199729057,0.3929234345446217,-0.44054704801596534,-40.967202541059386,-0.004530015290360759,-0.0758517814660293,0,-0.46196726941653754,0,0.16349630226371475,1.6931372734335377,-0.02979884875731363,-7.618645962843819,-39.11988051730986,-153.16593410101876
-1.0467623284786538,0.27428743822197343,-0.24395472203972068,0.09817084738368013,-40.967202541059386,-0.266067702254516,-0.8766354600110172,1,0.18158398579355395,1,-0.4380641051986628,-0.3382929517200833,-0.41967222562125883,-6.2373392853847776,26.35653012223152,-8.36230413979844
0.1436847139892121,0.18910128585996028,-0.9937754304772582,-0.8726100940561762,-40.967202541059386,-1.5592077527831731,-0.3276170912377769,0,-0.2047801380329249,0,-6.615661120777687,-1.3997495475949555,0.81001736877984,-6.82282210594245,-53.131034253300136,235.6989468477541
-1.493577425177509,1.6271538831012498,0.7894475167574244,-1.5345189386908715,-40.967202541059386,-0.8951867839726249,1.3640502706171114,0,-2.0756532510724113,0,3.099029663385046,-1.9848681654383702,-0.06051019749080728,-6.884393112232276,56.47882921991675,-231.67252313588074
0.6594608794265104,1.156235932767035,-0.8038721292337779,-0.6305566491139898,-40.967202541059386,-1.6473294750828646,-0.9082893767250895,1,0.4497100604572451,0,3.3315453568569944,0.3533751417582732,0.10732848013907934,-6.9542979331514685,46.26145318811892,-125.87183725980081
0.10682493817937487,-2.1106355441539364,-0.595676123647712,0.26640869685734164,-40.967202541059386,-0.371096339796987,0.7615836954075167,0,-0.6702423360569104,0,-6.15333263842149,1.7607366399124662,-0.8119608976462582,-8.778635983969298,-8.881938452865935,-102.6548171308628
-0.9792543658375077,-1.7293847609951614,-1.8502765929838414,0.4542404129091288,-40.967202541059386,1.3120830394574303,-2.1273290864000476,0,0.6633357214188564,0,-2.581305550685095,-0.7883101738508573,0.3493878627422386,-8.605929829568396,-72.14444568809955,-63.34523049017088
1.9204824800556763,-2.6027293932665034,-0.22192073418084296,-1.8816811419556607,-40.967202541059386,0.37137313018694046,-0.00019212642213156048,0,-0.13694659685114424,0,-0.23667232995133264,-0.5339338019765637,-0.24118907170031048,-6.251727299774083,1.0335262343186273,-293.45540890092275
0.6324464908164232,-0.5734024502056481,0.027069672902012867,0.738731424630423,-39.967202541059386,0.14901599379326896,-2.5033688704946524,1,-0.028097874495769753,0,-0.607011605321875,-0.8121034144514466,-1.000876540814861,-7.078192496862309,-33.83672844340339,-15.188622871102282
-0.04664032469009489,0.4599234220618085,0.32523964936222755,1.1093958795465344,-39.967202541059386,0.5912323511486877,0.5063547719594381,0,-0.9588285425776785,0,-3.250316477803565,1.3973430797745805,0.573281056735315,-7.2656141734534065,8.969436504327131,-45.908241767626734
-0.7988209570394134,0.18105197022992112,0.7542306955646175,-0.28875234419789364,-40.967202541059386,1.0525330188519346,0.848218330888624,0,-0.7414230525426192,1,4.327109012399455,1.0847981562304856,-1.5120647272519512,-6.2635501148539445,-45.69892050093783,-27.689968454500004
1.5715870842028508,-1.1263173166705727,2.565658379323781,0.702839351094105,-39.967202541059386,-1.1207219014295047,1.2230853049396329,0,-1.1252687562499248,1,-0.7255741166560774,0.730177194810847,0.8303690565883165,-8.234934734915052,31.83230809201024,338.62547923560646
0.029593572790581144,1.4634583953772553,0.901113168954789,-0.24575459352007906,-39.967202541059386,0.4965094392018119,0.39826525801538326,0,0.6926175584785352,0,-1.6782871237462658,-0.1602382479293796,-0.8879530099168526,-6.292468852332286,6.87538477109178,96.91073480296228
-1.2511261023080367,0.7582376758962502,-1.0708200472917775,0.2805357798837681,-40.967202541059386,-0.00674445783985597,1.1914096745298683,1,-1.0847226271901653,0,-0.24333924357005876,0.1886915839014982,0.2318674518976768,-6.322963376757802,-28.14937594545243,-110.17192588621344
-0.15439459900493732,0.44031591209911203,2.6584635031516624,1.323254205577645,-40.967202541059386,0.3330933881091673,-0.9183042048199013,0,-0.27869349867179194,0,-2.994538289759453,-0.4574804835655816,-0.8148329036495954,-5.8120548651203805,-63.06130447238848,165.1773757334633
-1.7863265640955224,0.47527892753239914,-0.6788466754048847,0.547167374719734,-40.967202541059386,-1.6389101997385054,-0.6431274854010627,0,1.5541657202984782,1,-2.7443680934457797,-0.7268697702715516,-0.43247666240824356,-6.338983436077631,50.53170487297005,-37.07317201263773
-0.8248214421793425,-0.8898520707736538,1.716233112078376,2.0244870924743847,-39.967202541059386,0.2490671200057946,-0.6274736356082831,0,-0.22911241685189987,0,3.612283447149161,-0.9978886861255697,-1.2903869051653243,-6.111786571962786,29.61214770746482,-172.86440419563445
0.543998580341734,0.7056293588884145,1.006938393555619,-0.4933435958658046,-39.967202541059386,-0.6758957424641466,0.18803283523742875,0,0.1681429720212204,1,3.0112174463141965,-0.27222096231371945,1.7805427422324642,-6.549862859179983,10.746915884435369,166.86482820704032
0.8260548733659148,-1.4580627018459875,0.11292432347860787,-1.3762650607694138,-39.967202541059386,1.035176369696192,0.18984885532680448,1,-0.3769498425240758,0,0.9310220480596987,-0.2886369862385332,0.21741564150021603,-6.594033595360632,-1.4169923655067025,-5.274656634312329
0.37742918880337095,-2.3371285909905857,0.45229370874356933,-0.43597624357155584,-40.967202541059386,-0.6110165951671861,-1.8968796734789974,1,1.188246406550747,0,-2.6094323023984196,-0.4612977923851452,0.8617988222238673,-6.249106693113494,40.35175671265451,-163.17109974908772
0.8789470253439597,0.14089875405359598,0.11740622823425043,-0.7410570221579137,-40.967202541059386,1.366839810359394,0.5734102104088218,0,0.3138461873095767,0,-5.994096921456141,-0.6469120787781788,-0.40091374127498036,-9.007041752280058,61.91777954560537,92.48135683313879
0.7315825310104376,-1.2370946645545908,-1.6591862367172983,-0.17795739308421427,-39.967202541059386,0.6430501859267725,0.4755016462321126,1,1.8243308286140063,1,-3.5853429742713203,-0.6470710315055059,0.30726232508364604,-6.611948902802568,-27.62245984046775,162.60402879407485
0.27244437315357267,-0.4728402342056471,-0.5827195974630359,-0.19142162087846568,-39.967202541059386,0.9696418303313153,-1.1850729870406291,1,-1.862574591373324,1,4.36933976529013,0.9250904701032042,-1.2226674644041888,-5.720998300332151,6.084097653982852,23.820344123963807
0.22325609942288627,-0.34056672312656,-0.6707310661465368,-0.004059455522658877,-40.967202541059386,1.2731719759054334,0.018564038625966197,1,-2.6437093931049076,0,-0.5952722246407869,0.7328318716593656,-1.2203082420756988,-6.27034399801679,9.930202651819837,16.89566127162853
-0.005418736297459625,-1.2342447802340033,1.0477547548055985,2.971298653094997,-39.967202541059386,0.15765823614502825,-0.29992112046881864,0,0.1951870964513166,0,-1.4861192615187135,1.5344105944775728,-0.07679570021767768,-5.529658783849977,16.144422655993605,-80.10355562487405
1.1760926083372478,0.8243356813675871,-0.6060779739953069,-0.9470328056446413,-39.967202541059386,0.7547389651427987,0.21052160519188273,0,1.3962745747418794,1,-0.1292237801934026,-0.5404269331333007,0.5239800743577022,-4.2631755410454755,-5.70151720034281,319.75700236237947
-0.5077087558221677,-0.5272993493403151,1.1199950142000288,0.6432099864900565,-40.967202541059386,0.030013254596790023,2.1303836938933696,0,-0.061302044890184336,0,0.6742509677992216,-0.4140526708676728,-2.3939011472928544,-8.24948619526212,36.71163701204219,-166.17052982982602
0.2902979241241291,-0.876883767800102,-0.5401426402754588,0.1268188604282276,-40.967202541059386,1.0880565012439185,-1.2441569910367214,0,0.7996336882017644,0,1.9822543694712431,0.6183848357168492,0.8085955889235475,-8.330348081187394,-57.30529538247509,-120.48298230322249
-1.1900416630626933,0.4216279056517057,-0.12440027567655432,0.8955286943491744,-40.967202541059386,-1.1640532738017864,1.9993112585670052,1,-0.543995443832289,0,5.078912860946928,0.3675215433770975,1.9377638667846375,-7.258272194719398,47.22298841508818,-271.3529136421482
-0.5243497209569508,-2.041521021169137,-0.4051709851283983,0.6197010504558459,-40.967202541059386,-0.33215432200190914,-0.10686455046046602,1,-0.7750487928043925,1,-1.8784043489296516,0.1379054759128637,-0.8387975978545907,-8.61982193746669,-7.905469468956444,-19.61388372695356
-1.930800406276257,-2.0985208665593644,0.0333396817661619,-0.6994695633891558,-40.967202541059386,0.597903186532888,1.3884679266723285,1,-0.025348575492573234,0,3.569776538984295,-1.2511726065816198,0.03798858357850148,-6.967528355903431,67.46060891109445,-416.82687662631747
0.30058683443162093,-0.9698910478961328,-0.012570851100853746,0.8236883607221114,-40.967202541059386,-1.173410022510525,-1.5704424671050181,1,1.4384505319034688,1,-0.8438385155366117,-0.08098825187704214,1.0359473729860318,-6.384860466299927,-10.836301833062612,47.51313077094996
0.5915244028552963,-2.0499455389532955,-0.7084497654402712,0.4406661529128159,-39.967202541059386,0.24511693052225408,0.1571373165669071,1,-0.8920176762049344,0,3.5121645498485656,0.1369998589179137,-0.38723278798715083,-6.845759584190551,24.392892806305834,-208.22449875019024
1.3991965798974788,-0.10172493952751285,0.6648334525030308,0.10991135942513172,-40.967202541059386,-1.012835144681324,-1.5580895528831769,0,-0.7069887576585476,1,-2.735445164991458,0.4831060914467237,1.3894369361546972,-6.1805129691057,-34.697059987214544,267.28889130345294
-0.4135531779455648,-0.9963435953866864,0.48833330949868037,1.3777854001578926,-40.967202541059386,-1.6532524078354383,-1.246485935243961,0,0.03561094478583798,0,5.2230594161432515,0.19133183121927191,0.17780999983215665,-7.157528090842908,-34.41893081609506,-302.97718347533834
1.1511668044862955,-0.5464057513139123,2.095154622407824,-0.05378662149920678,-40.967202541059386,0.2820983490637668,-0.8789482027042028,1,-0.5301358007919559,0,3.5669817416399447,0.6408926349864881,0.9818353412424012,-6.19222401687558,7.244336070861325,-27.941026149015244
-0.3209377283836623,0.9302694559742942,-0.09112912190801226,-0.1576211357931736,-40.967202541059386,0.1267838056304164,0.2657159643570297,0,-0.13301533940414775,0,0.8935239744555142,1.165371108069438,-0.9300195275883044,-6.139079682716606,12.90803970682593,31.370857420817018
-0.21180559091677376,-0.4547939240768234,1.0121814854949567,-0.6696301846618137,-39.967202541059386,0.06444119876792127,0.48208108476168654,0,-0.9314567893768716,0,-4.451109815672267,0.029809312255676405,-0.6368275160323879,-5.430718133871083,27.766235749881464,-41.49974610739357
-1.184468126857371,0.11715177120742301,-0.2559297234690386,2.101011544907532,-40.967202541059386,-2.2454582101498426,-0.3498163954785994,0,2.0377905055080374,1,-2.029678525759435,0.15048314436875407,-0.3130397184669151,-6.917063057605389,-34.58389146470735,45.71543537676666
0.6380873486154812,1.9086235044426363,-2.429981327190075,-0.0833731474054141,-39.967202541059386,-0.3006014016926076,1.1299934337226403,1,0.10120690258600064,0,5.594038751754462,1.3031929413407175,0.09543675713388348,-6.847741940272444,44.31475976689269,1.422997076684581
-0.0975652019016296,0.9206155126373164,-1.1260189434403873,0.11010075495388673,-40.967202541059386,1.113733493661608,0.2211054183266892,0,-0.20655954830671402,0,-2.3794513750246575,0.4787807933933892,0.8255371513745086,-7.324700620018,-25.196857780530674,-3.0281716293204965
0.48555066831104127,-0.9629270072783157,2.084222062929828,0.4550779605681749,-39.967202541059386,-0.8472764490038992,-0.23610043585595827,1,0.023647463325736917,0,-3.5376365819416415,-0.7367828500945738,0.345300012875343,-6.147301264231633,-31.614748797631265,73.7460638144809
1.1760775207026926,1.5382436107401651,-0.471775885903213,-0.17482061360839196,-39.967202541059386,-1.4046557533691588,1.6666711591575272,1,0.9827150211708161,1,-10.229183829770554,-1.0826896734119371,0.69034100661585,-6.6493591724126615,-38.72500557097626,454.85135361915394
-1.0365404008486734,0.8827177921173668,1.5598892636456365,0.43598695624375255,-39.967202541059386,1.814047560492295,0.5093050500739251,1,0.4157933599538385,1,3.272375456001295,-0.4557470214454243,-0.5754685454108686,-8.445725199404917,70.03549096765273,-87.68717915218352
-0.7511590239330042,1.6875420851962875,0.5160003542457791,-1.4263957023375644,-39.967202541059386,1.3721599351920977,0.33339669478957706,1,0.515465211601611,0,4.4450725041352435,0.09510170852946682,0.27779655203979137,-7.361376167618421,-41.47600038456711,-33.78946671303498
0.5937760549360428,0.5756680531990643,0.23724721162953413,-1.0634554234369844,-39.967202541059386,-0.16709443136990085,0.052702902898663744,1,0.13611641098774113,0,-0.7387884846224154,-0.022758553070133948,1.3012206278124752,-5.463421787127707,-17.34306001044393,-41.52446616364509
-0.8932358663945767,0.12774729328565823,-0.038498206954959986,1.1130303380610946,-40.967202541059386,0.858962624194427,-1.785064636366869,1,-0.11027706414278524,0,-2.368401537597312,-0.6075651158754984,0.937633112819644,-6.813481421248025,-23.400131282214033,-39.68711975298119
1.3533783258163141,1.5894132547618751,-0.5369616583252566,0.2920404012263429,-40.967202541059386,-0.09013289912418047,0.3651593890347409,0,-0.10027540609613234,1,6.927922873631992,0.21373544193405714,-1.059942993635755,-7.377769582646073,46.83112300910844,79.14779649367287
-0.18453207155544604,2.0737075660042805,0.8170654177809913,0.5424598092152234,-39.967202541059386,2.733598870066415,1.2476268934026826,1,1.1225153944487187,0,3.419932648487198,0.5578111954196311,-1.2049130656042613,-8.86917797199565,32.35774899834352,-64.24794119274371
-0.7932569949465625,0.9609483489044669,-1.324035948864507,-0.7216176157583704,-39.967202541059386,0.7547488142807214,-0.9030128326421931,0,-0.4428910254571983,0,3.0581709140989,1.001188736056752,2.073555257593406,-7.804508998808867,-57.17799251672293,-130.59307508611718
-0.017431639576811774,-0.35965519526039863,2.303848124377709,-0.4170449121154738,-40.967202541059386,-0.0033119553375184573,0.5845702982247177,0,0.2765313983093102,1,4.285237251611414,1.6355818409143152,-1.6041548194961126,-6.1607616426999074,17.001491541825168,-61.17782208482981
0.655973521193743,0.2982600605847007,0.22892091288315458,-0.7186006286755571,-40.967202541059386,-1.4569143997029173,-0.0221931406980618,1,-0.5462056397680362,0,-0.34463732964972627,-2.032479438264165,0.03363344642896424,-4.884983380434077,48.453015449200755,-158.3014058818365
0.7330940376753592,-1.951552621945213,0.5000953585861018,-0.9805778951237404,-40.967202541059386,-0.24700182851242022,0.5049112009090836,0,1.0244463890326498,0,-3.40425409296261,-0.5994080614273601,0.637436076984815,-6.010981812049108,27.573632872478598,26.18318391954135
-0.4086319159396307,-0.3278485822836744,0.9845726724469324,0.6130779838834458,-39.967202541059386,-0.12539986839611053,0.7144128225992346,0,-0.7705600606775077,1,1.1139728364556236,0.770071440627594,-0.45411661626707106,-6.497505497821019,-11.051113828415604,145.25016343842123
-0.0646755869497485,-0.7376170703883157,0.3572579905708912,0.1175749510113429,-39.967202541059386,-1.032510055447728,0.3217157190368505,0,-0.81609559980946,0,-3.4332830160738697,0.3644538705253007,0.21804975060099108,-6.767789178324581,-52.89482414921277,-22.816466800971284
0.06103303874508309,1.6355461490729002,0.007763680826652021,1.3836045628460358,-39.967202541059386,0.1421360562480195,-0.8275842394750622,0,1.2148714228622415,0,1.7445239248877573,2.0013117940674077,-1.1077851662513134,-5.987932561439081,18.65130747828569,-103.31989160966043
-0.18482852983512235,-0.8751801475280608,-1.1850444618691274,1.1378190374373125,-40.967202541059386,2.0320027710949584,1.2295388217544891,0,-0.24906280464706484,1,3.8980881001082457,1.3175066858517748,-0.5654083348807794,-5.817361547608947,22.305576912097415,-8.106094911732725
0.2511973557191978,-1.062030537285274,1.0126021239366723,0.37149557575324405,-39.967202541059386,-0.3976168293529437,-0.7070114509232663,0,-1.4705055996311294,1,3.3176260335786316,0.9625350299619014,0.7004725934336371,-7.703476349815861,-12.592178233443601,-16.40857965669447
-0.48372130319628,-1.2128981715110694,0.643466398557281,-2.2249687631884134,-40.967202541059386,0.5644050308049654,0.845598458434124,0,-3.2249322114954637,1,4.173097575652757,0.044600659287767554,-0.40915921750913786,-6.48230414686675,34.17023767043947,-43.988529163300456
-1.6521645636321416,0.6661752718523889,1.461594008321926,0.7851753702181722,-40.967202541059386,-0.6851879790657357,1.006624344585425,1,1.692671523223615,0,4.65832965453066,-0.15470637787160288,0.44561552035726665,-5.387447769803394,-54.88535132384945,-311.0570860609355
-0.7015045743037933,1.5613636730981237,1.6346803218017114,-0.1555264476863547,-40.967202541059386,0.624198603630111,0.17313747094818177,1,0.4896199637792886,0,2.8877049637276238,-0.04357999267894078,0.15908152356490518,-5.514691273897817,-11.706980833506828,12.443529811881973
-0.10064400539615292,0.5403245278452314,0.8812967437500542,-1.372568932230474,-40.967202541059386,-0.22612417882128572,-1.4665362474165584,0,-0.6556739733577918,1,5.569310136509963,0.48875430691780963,1.3461712169609903,-7.100903708243304,-39.52330229941377,62.54219348994968
0.0006319872891725291,-0.16388774484403465,0.745994132057259,-0.30908578908227763,-40.967202541059386,-0.2803539502593695,-0.2140096802476142,1,-1.1240017128584174,0,-3.3138795223671953,-0.11574291806022872,1.4288392586187157,-7.864404962865129,-29.321341468292783,-65.12828555069864
-0.07377249657292949,-1.7619729613957447,-0.11011669904791524,-0.5576572429950769,-40.967202541059386,0.8737315405119491,0.4445749039566412,1,1.1465896288931845,0,-1.6315697878053634,0.5791828239090138,1.009574855499043,-8.163378325234746,7.658960267539595,-41.59602846864495
-1.9180720924727739,-0.5118065656104913,0.9892829994729556,0.10717768971929297,-40.967202541059386,-2.175499544319027,-0.2734494125330835,1,-0.2204510149366885,0,-5.223391829918657,-0.417253055004706,-0.11895249150505399,-6.913109673180085,-8.312121145172643,-41.36020435422404
0.24336085414333836,-0.5824624809875845,1.2212618361812564,-1.3485899064953115,-40.967202541059386,-0.2494368229243282,-0.172602974606691,0,-0.4833566709609091,0,1.936415141092301,0.1850689422960639,1.4695757359779573,-4.099425267873302,-12.975002837706779,-31.257478695222325
-0.6359290634346356,0.357824171885377,-0.5203069505141439,-1.310980772906,-40.967202541059386,-0.9547983807664525,-1.5582704856368603,0,-1.0695758496046839,1,-3.192692816872986,-1.6451715238988476,0.1497263480608424,-6.758275273591378,13.961017646879863,65.91653898659587
0.6299155298794109,-0.7325953891970319,-0.22744959321233343,-0.47810856928393897,-39.967202541059386,0.43389424573562707,-0.4685070680623274,1,0.09333445427819555,0,-0.6892331543802503,-1.6506806915057055,1.056228846134221,-6.9566518140775315,-7.435969545640751,26.06096465489523
0.20245016041347436,0.0063786171187738515,-0.41541477062827514,-0.9739568334234157,-40.967202541059386,-0.17110898538658442,-1.010868216667316,0,0.0967996510746865,1,-0.24658293934608969,0.5801273183136937,2.186866447799112,-5.918778784007285,-50.245025562591714,137.4289708467646
-1.491752653096084,-0.44484831011464415,0.13291115592569022,2.0859524013247572,-40.967202541059386,2.210604473437953,-0.1682993649603703,0,0.2159890231708096,0,6.158133103152934,-0.7000765860547603,1.8167830014371018,-6.47845379920145,-9.973003034045197,-293.7017923989909
0.910333145943054,0.25869775289703656,-1.1492325657843776,2.0198776063021313,-40.967202541059386,0.5019877222408303,2.7928145837019067,1,-0.3313687193309897,0,0.23274011888327076,-0.5000181787682256,-1.262530220363529,-6.512108618952386,57.203864176819685,-86.45763710837898
0.777311351597863,1.1090259276974375,1.1456229151905672,1.5411031126651868,-40.967202541059386,-1.6122558652873742,1.2803884288375613,0,0.6438717175643925,0,-2.027195929026276,0.9766126655761356,0.4288802814088355,-7.07799617770894,-2.275531019815656,75.3503622642569
-0.6937941684594372,-0.055585021155512414,1.0415457672492545,0.4081589396864617,-39.967202541059386,0.44880209256151654,-0.5061321093486767,1,0.8899386757526386,0,2.819151280599495,-1.3682619904123203,0.47701770362630835,-8.198489462421605,-15.841592978107693,-131.58153781794053
1.32337064893955,-0.46579917351475864,0.5161791948163256,1.23996514143555,-40.967202541059386,-1.7093173751282935,-0.6634072603167713,0,-0.16087185674219343,1,5.331922238135194,0.7282094166215455,0.02739950334959023,-7.443492292053446,23.49660793085428,-6.203964804822768
-0.0032195936078827,0.05328109562341327,-1.1414425865006224,1.1428304437192873,-40.967202541059386,-0.5039286292762464,0.015079833013598486,1,0.16212559347937922,1,-3.0168555476034005,-0.4180157374435457,-0.5097208877156263,-7.215689615557472,53.70236934386836,74.55842833052992
-0.8448107366582265,-0.1575469581229136,0.75218969062205,-1.022031679232089,-40.967202541059386,-1.1399447408279209,0.5564228769517578,0,0.007862390249149193,0,-3.1871359918578057,-0.9007643375048953,-1.123784659313323,-6.575913184400069,16.475168487165277,-90.60175787124808
1.2156506648012528,-1.637827163373937,1.4907159999673854,0.605484426160901,-40.967202541059386,0.0006488686981563977,1.0466719654562482,1,-0.35401727946141,0,6.8719386565373535,1.5561436280139327,-0.8893371039249967,-6.966632827316658,7.817499725795031,-263.77868704158504
-1.3777377411948732,0.24441616520080903,1.0637111601926017,0.9564130225149811,-39.967202541059386,-1.3886420457410107,1.5472715243258877,1,1.1827838211276516,1,-3.7918101281163907,-0.4824573730104295,1.5095990375229986,-7.677942370439143,-47.83663196349947,187.60411713656458
-1.241975609599645,1.1443543210727098,-0.37626186440650405,0.5140712447440529,-39.967202541059386,1.3623883265183072,0.09560268715779859,0,2.022426374333049,1,-1.027280982181061,2.846950144240765,2.6730785284698007,-6.506330430407273,-65.01922554407462,200.1576930927882
-0.1802431889893549,-0.4685167745854402,-0.3645173611476273,2.194232865189498,-40.967202541059386,-1.5955991868381054,-0.026349630643274616,0,-1.2019934823939733,0,-1.5083662419502706,1.0052757706785802,1.4655728405346935,-5.909704817174753,-79.87458707990687,88.69798320499496
1.3645933842460127,0.07489338161067158,-0.5372403336110153,0.371426642102319,-40.967202541059386,-0.24354560234688966,-0.14963340408101825,0,1.6406081082073818,0,-0.737246764060783,0.5922815881367557,-0.9547231645016536,-8.348441389826087,-19.746541029091425,172.51340472487212
0.7025129133427244,-1.9239616363182375,-0.4669070259817881,0.3302152372305946,-40.967202541059386,0.25413182256930544,-0.3314528510537289,1,0.8416385091110233,1,-2.429889706906264,-0.7442506729813576,-1.0184351407602252,-5.394233592621003,6.085279021078775,89.43173239426126
-0.7857839837302968,1.2237586848364583,0.42462629266578394,-0.8812538069912155,-40.967202541059386,-0.8249402762378641,0.49408675041355504,1,-0.48466457172549193,0,-1.9256041996181188,-0.6342275289650592,0.11403562631012372,-7.963105426773405,26.42189057055094,4.608965559625666
0.07238078282761339,-0.0854855249601296,1.3449260219901458,0.7203344043228688,-40.967202541059386,1.6895665750510682,1.0340640228831013,0,1.3330565820293343,1,0.6291928338694842,-1.02501006133993,-0.0525908497271547,-6.728977505134007,-6.806544824447423,114.0029728214851
0.043350036352778995,-1.3315940359546556,1.0194122530825265,1.625845716793269,-39.967202541059386,1.133656337149703,0.9757514010766909,0,1.962109819336711,1,2.650040433604896,-0.41970840601091003,-0.60928062205242,-5.570747078447297,-37.33311228634836,46.921553644266595
1.3031559359272284,1.0544478816960665,1.9215064844702556,-0.012067075791910029,-40.967202541059386,-0.9255507188253617,0.4635611210850757,0,0.7214026674793936,0,2.227317774342584,0.6595276024844537,-0.821984370743835,-5.7477696371151925,-6.384831155075658,72.58484673888351
0.5178369497990357,-0.013780579855292,1.3443712475605492,-1.2641549540039363,-40.967202541059386,0.2404600135834209,0.011277473539441599,1,-0.06429524138688375,1,-1.422526822752142,0.9808108808196666,-1.3871725632702068,-5.358475574146138,-43.71475453872171,180.90739229895604
0.16381270720121835,-0.7019373802215086,-1.5365372687150889,0.7927642165410302,-40.967202541059386,2.5211807549562195,1.2088492440500882,0,-0.05669103278206994,1,5.123746961318454,-1.695393744032249,-0.0388076307677003,-7.006782156835252,-1.8440950864930281,-73.13679313095204
0.592306116289646,-1.036822490323425,0.7738788393304216,0.15690488318568116,-40.967202541059386,-0.9925896639971591,1.2392090331984873,0,-0.6406494134617681,1,-0.015086511404503173,0.5521232071095412,-1.448896127282043,-7.109813833228372,17.560344653863137,20.152192119537037
-0.5124253112229333,1.4503434704982412,-0.11993330545663995,0.7180195396527251,-39.967202541059386,1.0400089584359147,-1.0139917444293594,1,0.3172108784612891,0,-0.48755360010671156,-1.3195965681670168,0.16875912883533578,-5.487775452008561,42.95248845531495,-95.47404831870108
-1.777998902577764,-0.08606961500767495,0.5949723068536984,0.22449009155694866,-40.967202541059386,-1.5962747254401732,-0.3693624918375902,0,-1.0932595892683774,1,3.977417629906739,1.4099881731362933,-0.19629272063934575,-6.960096264176531,-47.83987141277891,-101.8216165842269
-0.7527762049365002,0.1150524951799165,-0.326596211680294,-0.44364579920096,-40.967202541059386,-0.4533550541095729,-0.9809352459376932,0,1.2585041003251571,1,-0.5810052227804275,-1.4996256265295669,-0.5614579066336038,-7.116038002759601,28.556688530451247,17.204173635060457
-2.062809330502951,-0.02523874555058554,-3.0465275946651866,-0.720958961181735,-40.967202541059386,1.4866867469694216,0.6761918232737157,0,-0.6738545611063186,0,-5.1650686702781705,0.38599608198818003,-0.30905159152663975,-6.68788364295948,-2.784787813206295,-128.77829631630425
-0.7486777351392107,-1.120513312123046,-0.7524251502007732,1.053221264613538,-40.967202541059386,0.8865332793256124,-1.6019556543987135,0,2.530985248260843,1,4.675527644962268,0.2608486109794657,-0.7025702652212117,-7.2285031204680745,1.9284165339861907,8.853484001622007
-0.660153192791413,-1.567750336631813,-0.8895454893857867,1.3662267330624496,-40.967202541059386,0.3523517181640018,-1.5270624472188659,1,-1.3877575312565176,1,-6.564692112483134,0.11259032984143327,-0.5940432303517935,-7.595129104067647,6.460474099764961,101.28165565968857
0.010992374646285913,0.2937200324639882,1.0081102617231759,0.44261901227314,-39.967202541059386,0.28706051273725064,0.8300444163136882,1,-1.1731758246133634,0,4.323975100197237,0.4860634349976249,0.6163621887947384,-7.350015437751611,59.452874392927626,-129.44311311614376
1.1459741909871275,0.5932979005220385,2.694192029498913,-1.2913642595130832,-40.967202541059386,-0.5567918084761331,-1.5853718467353404,1,0.6441453330813264,0,-3.8010790930662073,-0.6859019327602864,0.26268238242725506,-7.637899324315886,-99.10146327841682,-26.20595672136693
-0.5478132865907235,0.7878691621063152,-1.0341668360290384,0.4754930890398193,-40.967202541059386,0.17268177825213238,-0.011222102571358094,0,0.8750250698691219,0,3.0810316760913845,-2.455252847361375,-1.9181677521413143,-6.3014183052564094,-21.378495571592744,-107.02265352764732
1.0436567678718398,0.5158546625462437,-0.7192199397178691,1.3551478340138434,-40.967202541059386,0.8274969411790722,1.0749385292546634,0,-0.27996728726707376,1,-1.5531542246664665,1.574700722587683,-1.5965388591856124,-7.077434627186566,-43.6490057174766,292.0994778715218
0.48466566704666475,2.2702618402540073,0.9795146608302543,0.5045183726213035,-39.967202541059386,1.2238453238350355,-0.6977693417216643,0,-0.21766765242358585,1,-2.3360528207689693,-0.8149135433268102,-0.03965096761715333,-5.983054417014406,-43.47994665413961,388.3905071110953
0.66999591063485,-0.5841417862665627,-0.8637736089272703,-0.5050395377136867,-40.967202541059386,0.5086360055629978,-0.6794461148172335,0,0.06804383380961264,1,-3.409965625499046,0.022433054627672387,-1.3074764350741488,-6.010131258536183,2.524295583333534,230.25367050039716
1.005693640174996,-0.4856888174873003,1.5104857394648257,2.1621383488509354,-40.967202541059386,-0.19846468068580572,2.263194180632365,0,0.20679761457944273,0,2.840159797847645,1.2107484017790455,-0.9641017347627122,-6.675428484148717,12.785949724201748,-157.62390611759358
0.776934182667366,-0.8181850739551888,1.0836662896238525,0.19391880966684227,-39.967202541059386,0.3505606431983377,1.3142740811185385,0,-1.8029326988375751,0,-1.9775099111589676,-1.093373229764167,-1.728369405451142,-8.044944397965786,42.29422561341026,-43.408332019201396
-0.21104252856295136,-0.16541691794974003,-1.3284478950090377,0.21588452955919024,-40.967202541059386,0.365531383839983,0.036505848292094155,1,1.7511708017286423,0,-5.719355250869031,-0.19654574776464862,-0.8150297743201518,-4.665508901417439,-6.340665602364888,128.85991811239188
0.45353175256359823,0.15721579889765439,1.5892486951502187,-0.33903086213870887,-39.967202541059386,0.7307648643876773,-0.02441717388602974,1,-0.01947719620970403,0,-8.156388599775214,0.8453848837877479,0.8332734123983684,-7.406558060956128,-44.87047893647983,124.79574948420218
0.6779097125180824,0.3047562931672482,0.3548045742930606,0.4637131511287874,-40.967202541059386,1.1674966841559897,0.9382675211725348,0,0.5043300783727453,1,5.358980702440974,0.5256004712294934,0.40906468911070076,-6.586961458486695,78.46357219458142,7.415549911077335
-0.1385986474407785,-0.8559024169095113,0.48360114415689043,0.09357460787499661,-40.967202541059386,3.0544077864836603,-2.2326048152430005,0,-1.7324523860312966,1,-2.146984799182455,1.0315640186778883,-1.1043311823268944,-5.920121532155911,-2.4288414413695985,178.5605252721239
-0.31266149547244154,-0.6854394933631143,-0.484613917699527,-1.5080870567597968,-40.967202541059386,0.36707165552463106,2.1715233864002577,1,0.46972521163825925,1,1.82267692435874,0.9874124954216238,0.6364381562785841,-5.376251217259603,-1.153416490201597,-25.951252569821925
-0.03277054649727642,-1.1094550902774434,0.2614754453616176,-0.09359724130010477,-39.967202541059386,1.992378001836381,-0.41562114646320786,0,0.10757156449194728,0,-5.252053032016247,-1.1865030432354196,-1.3418134759499087,-6.832400439639265,33.211420529742476,-28.901946840520658
1.0367678284538289,0.8888542017884982,0.6054947829917939,-0.8328832990623556,-40.967202541059386,0.3780957114258278,-0.4839385995472815,0,-0.19157077756366986,0,-0.10783956080238015,-0.06857982591708954,-1.4716963251277029,-5.9036230458796854,6.523964823300453,-73.73018804274464
-0.9940171531465435,1.1365521428069945,-1.0744095470871642,-0.6039548332100149,-40.967202541059386,-0.1992723698119659,-0.2856435149605725,1,-0.21330072228278418,0,-0.5640144391376471,0.4451709993724654,0.4754343307571808,-8.47123210566751,-48.81436851978328,67.79188567774436
-1.6135160738817087,-1.3248380436843967,-0.27910543972797375,0.6748584697856512,-39.967202541059386,-0.8491802024360608,0.02705632885844024,0,0.20790715148540231,0,-3.006064823840187,-1.9516224098098431,1.3809645398624486,-5.28586248246169,-43.99117420984878,-109.19122509107297
-0.4202334681173845,0.6185604855217934,-0.31609936575488307,1.739725652215065,-39.967202541059386,-1.487722500464682,-1.4304401620203335,0,0.5458770259957243,0,1.3734532212055393,-0.8000379840573841,-0.6779261327151104,-4.842892351565476,-31.608141954281106,-101.82687430423343
-1.506037165634609,-0.8425847351539835,-0.3938020346860957,-1.6273897110985283,-40.967202541059386,-0.20840116861213676,1.1191769881562823,0,0.7542529378543045,0,-7.0542481052442305,-0.2483180641469679,0.7030305202657625,-6.664182502094799,96.06667163947358,-181.3754901521571
1.512843760168749,1.0354453759719788,1.2771595814843726,-2.1408500231330705,-40.967202541059386,-1.342921715621234,0.2569425983575975,0,0.32034455246601434,0,-1.531558854015593,2.151604641032605,-0.283149775646327,-6.34297163524276,-86.37032972035965,179.38848069827708
-1.1964711303757922,-0.17345560032894244,0.1317795521486171,-0.28771107576717303,-40.967202541059386,-2.0747661061652805,0.7341380985783033,0,-0.27812011123274655,0,2.1534075483528206,-1.604253869867974,0.8001271448181738,-6.034388721029762,34.421869365494004,-157.66974698417914
-0.38612401441133254,-0.12339727975997246,-0.9700501048018375,-0.9389707136297734,-40.967202541059386,0.16672338846333404,0.30613099473364236,1,-0.5178344375236609,0,-0.48636036524008236,1.0072530525464742,-0.8992687199866878,-7.116327920707553,63.15325863630843,-139.1043869900999
-0.017439724612088436,0.512737081437932,0.44820915120121235,-0.2185107617632752,-39.967202541059386,0.9378093584086493,-1.0628417374861736,0,-0.3944869288035365,1,2.206442069816704,0.16896338263606508,0.17630650336771994,-8.699268027877002,-22.404019018600753,197.4286693973854
-0.5239031997629503,0.4108092820118876,-0.26826317454486764,-0.30107850957201626,-40.967202541059386,-0.38564706847406033,0.31898526611700084,0,1.2736177227898913,0,0.09318941181248067,1.8014833839420659,-0.8958517915089519,-8.565252800589413,16.325106470729118,-129.54593323661038
2.073360035379735,-0.9061792527143994,0.28074399857535975,0.856394378088448,-40.967202541059386,-1.0811660508761631,0.46184981735718256,0,-0.8179958288094785,0,-0.6694661430345303,0.10008799365168786,-0.11661500982554195,-7.001089238243937,-31.871887366096136,87.9658338320335
-0.7383913996656689,1.9338986772431295,0.304407184924231,-1.0123928665263597,-40.967202541059386,0.21969690657871405,0.39840267612308905,1,1.2373331658152065,0,5.004361956531528,0.8665334267867096,1.0069345444293663,-5.187454508697792,11.363634086935114,-75.79352345061223
-1.117544378963283,-0.34048766143972736,1.508743181716898,1.1148066398457972,-40.967202541059386,0.12278082993139926,0.4378816032558952,1,0.26717315063490255,0,3.150466005924001,0.48326453311996664,-2.987794559506107,-8.146308029796892,-0.3365835967118341,-132.90959529307494
-0.5484944919883249,-0.04221056986727988,-0.6385416080526265,0.7705539035806859,-39.967202541059386,0.9749315624047777,1.1558756211833645,0,0.9615777298583422,1,7.766913007116911,-2.0573766978470607,1.1506643858554877,-5.673721027750538,32.438615638952115,-150.47239682084478
-1.3445408060318524,0.3762498086571097,0.025097253169535382,0.3275746896387096,-40.967202541059386,1.2880338332227852,0.2942960338787004,0,-1.7445117794936866,0,-0.59165925360438,-1.6072794033222177,0.7791372497585606,-6.626250933275642,-8.714584282679628,-22.56274807068158
0.2843634900543202,-0.01908758201846031,-0.6093145701038214,-0.5977642828052936,-40.967202541059386,1.5506226958237754,1.4787332700513713,0,-0.3114775453442104,0,-0.9165439283049078,1.3005783490236575,-0.9708999668211997,-8.66903114474065,23.802818263520276,-168.91160961988092
-0.7315650088695227,1.7274376314324495,1.750584203642001,-1.034402498509368,-40.967202541059386,0.6583313180546387,0.04679974048391165,0,0.2775867951083257,0,3.197574572113779,1.2424415529113142,-0.7245787953437489,-6.372456152531105,70.62467212487998,-171.02823692815463
0.3066463144253504,-0.15652444652969982,-0.6177427329469048,-0.05714084622414383,-40.967202541059386,0.6894126766413755,-0.46915630214180076,0,-1.0792823406342564,0,1.5035639147530304,0.2372139661212483,-1.9797674877342888,-5.7593437302789185,15.687896932937415,-107.60497834623112
0.9139646784686306,-2.160319777673471,-1.845559716448798,-0.5178140695507643,-40.967202541059386,1.9898065539104552,-0.1913808181718978,1,-1.5801858189418294,0,1.4630516765372967,-0.6717570928368917,0.37680691512665476,-9.46470980897875,-4.85470956319255,-94.02888873916378
-0.03711504898460447,0.9700982850272075,-0.3421821396022827,-1.1593041114401,-39.967202541059386,0.6720716131721787,0.12462921763376246,1,-0.7730256303947918,0,1.2241103248220613,-0.34998246866829347,-1.1857343397487374,-8.07682506564489,-94.09575401764766,164.4124969762741
-0.029557368896033834,0.15281280593195243,0.15840719459210031,0.03630117338207992,-39.967202541059386,-0.5228407838099719,-2.4173541821798854,1,1.3792482672431086,1,3.0017368594942453,1.5572108748179283,1.1339035970846116,-7.091830097519207,29.99824569659481,-28.031538914361548
-0.15366368461799781,-0.20297641098629077,-0.31832604290066463,-0.29449732879271656,-39.967202541059386,-0.9873790814443134,-0.6333068653245284,0,0.3891979062967449,1,1.2872954224870825,0.31992316334216886,-0.14975963702414943,-6.405351770489396,-74.70125759578796,100.44257622507749
-0.09288928559075707,-0.8164119565244635,-1.228549912859849,1.7777578432476426,-40.967202541059386,0.24641858169317987,-1.3660746289232113,1,0.4737027909384239,1,2.398078080134935,0.9746729718667051,0.009991788610113284,-8.004230149614434,-49.14915873391046,28.340062430437463
-0.5940756462421471,0.24399796761219575,1.5278489008589384,-0.605911637468137,-40.967202541059386,-0.07955030543122775,-0.11344736217958361,0,-0.06617805757646032,0,-4.446213202951005,0.0005310401633954059,-0.14686792803558407,-7.520948078373697,-52.71755078544326,14.699243850386637
-0.9810152683606589,-0.18435080682359703,0.5046401643109741,0.35302696792225635,-39.967202541059386,-1.4663875272932938,-2.5001261587430506,1,0.06407614359948652,0,-2.061670174604736,0.06344820830987882,1.0199590494888384,-7.148021444076058,38.197279178123196,-207.5972116411275
-1.2516267810439168,-2.0978231409952737,1.455723498713398,-0.19726025484409093,-40.967202541059386,0.9627020178915753,0.5473072014366225,0,-0.884984567386988,0,-1.6176967768399104,-0.1984103558770084,0.13668517293789526,-7.14391420134167,21.490453945354165,-285.0019146026112
1.472657079806288,-1.208101548190039,2.5505152730243945,0.6525744464838956,-40.967202541059386,-0.7057957039298005,0.32379934208905836,0,-0.12680574661510757,1,1.2442960524056186,-0.41805930331292807,-0.5342379087951077,-5.597676608786941,39.1634050730479,99.14315384582996
-0.4449108947886876,0.009409497351212085,-1.1129180102718506,-1.981112493131451,-40.967202541059386,0.4013268944709844,0.44212549864254147,1,-0.3877824267298416,0,-2.0798499347268065,1.2202992258590337,0.15810783927420005,-6.818365117748469,36.40893023229382,-134.49263391339727
0.04210727795752128,-0.517248182605022,-1.0439182763629349,0.699625234329258,-40.967202541059386,-0.3587951214443835,-0.6425704148246862,1,0.16910530072893512,0,-2.5569862006401056,1.1759643198631715,-0.3973591476430746,-7.059622282410301,-65.3535062425144,117.3917455683007
0.06476188035092409,-0.07950792309333356,-1.5115564234934173,-0.6326637787363664,-39.967202541059386,0.18644830184248135,-0.007701096966887594,1,0.18068000970456907,0,0.4971992253937541,1.3495102499119853,0.2870208984700336,-8.517753347150752,-31.547145059251374,30.674850582901666
0.9740658964892368,-0.955782306278205,-1.715268727226416,-0.9492485586082446,-39.967202541059386,-0.9160677000345333,0.7480131719182458,1,-0.6493109915076161,1,-2.1937083188501876,-1.4629851052382887,2.311644202591362,-6.896172256277493,17.621844488358708,175.41022644016186
1.8308597815647152,0.028157144486400144,0.46502481261287504,1.3412849571346601,-40.967202541059386,-1.7125672880627636,-1.4313454782397277,0,0.8547891502815073,0,-1.0319951322861796,1.3244411356591537,0.9551956836430642,-6.309165744141253,13.487746898897896,156.30990429514412
1.1639908809107833,0.40265322100510387,-1.6982615681385793,-1.4692801601162555,-39.967202541059386,0.9838319848619848,2.192463866277051,0,2.506905805733009,0,-1.415793890547877,-0.3922106835466532,1.2127974286885033,-4.936724958926187,-3.377047490570583,98.61584733111594
2.2758035409846555,1.0947909284173605,-0.9215449540710959,0.5189549710760101,-40.967202541059386,-0.21407359726099368,0.5275082090045907,0,-0.10302606023468339,0,-3.651442448339433,0.6784740034308159,-1.7358948165870283,-6.752250514647041,-38.26138875148356,183.1951117541081
0.18051035493233086,-1.3610810323069542,1.4070614895777702,-0.5473958158542281,-39.967202541059386,-0.26302842345897387,-0.008891741988272988,0,-0.2975989623985288,0,-0.8346408320904929,-0.5072793568647229,-0.03485394880722789,-6.282293454654778,50.09607824152792,-69.92537535264046
0.7733643487243339,-1.3067457056743141,-1.157771838366132,-0.2759251338597398,-40.967202541059386,0.6787003665808795,-0.6672573605945266,1,1.6911748652079897,0,-8.587591241855039,0.9116797453265478,-1.5175961069859345,-5.00191802312073,5.254258985806549,71.98707802718624
-0.2621228715854772,-1.0700274103769676,-1.3309029128233094,0.03285263186835416,-39.967202541059386,1.3459591376250304,0.07308554197538658,0,-0.21368621087410392,0,-1.5506915585644476,0.33554906486287767,-1.1806714109834642,-6.575232005201632,60.5867344730716,-98.87154946904366
-2.018671003781885,-0.21420324452647493,-2.2300045640904447,-0.3449573358913035,-40.967202541059386,-0.8928624504074485,-1.0218513608796682,0,-0.30402833953296815,0,1.0752642759667976,0.20928508078456048,0.4146658191282198,-7.059272158262907,-46.07301738859809,-173.15847514638187
-0.20249429358676627,1.653969091018115,-0.18035832436431676,0.6543536562339534,-40.967202541059386,0.45826422076408896,1.9371113866137506,0,-0.43368126889117786,1,-6.471055435319978,-1.9746708330473595,1.0919025306885628,-6.4209142648263535,57.620336774466466,216.66268186413404
-0.0985720110182367,-1.183298313753467,-0.6034798639871479,-0.53556129513935,-39.967202541059386,0.14487475053014887,-0.26463105521156916,0,2.985424717158304,0,0.7582233066556495,-0.9914521753395258,0.5398886922868533,-5.536571182772631,-96.38992464791224,-19.530901458661646
-0.9913218616910001,-2.0494270918129436,0.2207898241495361,1.5947718483653321,-40.967202541059386,-0.2752492587370762,0.6501990341403846,1,0.22817537476215555,1,2.4463834060858765,1.553501688166843,1.587965969069837,-7.1172847975235065,-6.5364172989052545,-168.14092012648948
-0.7352371650369832,-1.6451844112788594,-0.9249056881744562,-0.03583778153413652,-40.967202541059386,0.8864111452016558,0.771849433323348,1,1.171286705289248,1,0.5311066335670381,-0.38131462354730394,0.9344638927991878,-7.419255064417941,110.98070958955446,-235.90686522831618
0.039211528107173516,-0.9875765734891434,0.8501375585027766,-1.4205316037562719,-39.967202541059386,-1.3258186683577864,2.6369809031151767,1,0.2537351072682328,1,1.3547699710197476,-0.20395152982357942,-0.21425763599873193,-8.086177460582762,-4.441764001139258,14.57647660886855
0.846935565365977,-0.5617106208839695,-0.8713066749497267,-0.12413687295051999,-40.967202541059386,1.0284582464158034,1.2577594277462543,1,-0.16396958478878348,1,-5.685245156311466,1.7054884181443442,0.9114077459168182,-5.064749527284086,-40.50273283615837,334.67589784577945
0.2050205571775374,-0.3288564260700142,-0.25839772954379,-0.7763219662064093,-39.967202541059386,-0.27410952999011406,-0.9588347797767901,0,0.8128163419892358,1,-5.151932220150793,0.9114299066073259,-1.6814893114180054,-7.041480639889696,12.893770417160916,203.7832319181628
-0.8430436043570453,-0.9598254471924776,0.8935049796330983,-0.4241901677919352,-40.967202541059386,0.7859713254583384,0.9169637100035539,0,-0.4490604763684814,0,0.2389480569369911,0.35858890226470796,-0.7746132869762505,-6.017503778112659,-42.23502185453358,-83.42621847670182
2.478931729106678,1.378131294234366,0.5940878340126196,-1.1657014802037224,-40.967202541059386,1.1880701550553436,-1.275404679098529,1,-1.1730584016311991,0,0.6854278814736293,1.0875280643520278,-2.109368454499462,-7.2412374106462,-0.2716512065635717,267.3438224979775
-1.0408419329532663,-0.4778289168836561,1.2315323107764942,-0.5258717923002931,-40.967202541059386,1.082773221186591,-0.11789049612736743,0,0.8341280331465671,1,-0.8766900341263736,-1.5147778677381962,0.9701335693483452,-6.53779729356391,-10.559958205051748,182.624991446992
-0.15200439801794305,-0.006954414933984273,1.7900247903333375,0.6661109923805263,-40.967202541059386,0.3210876262434473,1.7236156298213963,0,-0.09445829032687718,0,0.2614149394259142,-0.8420514798785207,-0.707811970666312,-5.609270175310106,-47.31703104297994,63.70078159265696
0.3006625913732847,0.18202035315555337,-0.4631285873329342,-0.4565686099435228,-40.967202541059386,-1.1722979766139126,0.6415588621326072,0,-0.1691210781341896,0,0.16777687781877157,0.3061068214593703,0.3894542251653099,-6.782641581809465,-28.248970116671323,95.10829759116861
1.5474961467918744,2.3089896345776415,-1.0712292720920573,2.2413981196170454,-39.967202541059386,0.2722284947122385,-0.7089825214904074,1,0.77228247527204,0,2.0000340465966113,-0.7038811349366647,1.1255172601522816,-7.113224271568366,13.020063336089699,25.350281299679892
0.48276311842463604,-0.8515217593392312,1.0215208650766467,0.7177759573926705,-40.967202541059386,-0.2946530371608349,-0.19300576792553648,0,-0.7728735441185131,0,1.0240523804421038,0.1642083121568284,0.6970481033178021,-6.671639756126946,-41.488808436022644,5.427321855379034
1.5084916274897286,0.702716042374336,-1.650567181370258,0.6007203449928508,-39.967202541059386,-0.18797732021716493,-1.1121359836215656,0,-0.05492506597300568,1,0.7058588381655,1.1094943874487821,-1.6254113184158372,-7.112371248955215,0.0952793214445365,189.6201657957693
1.6958381531153135,0.17653320010971166,-0.6314560249280339,0.011472492668119592,-39.967202541059386,0.9885598624916155,-0.6141480740216497,1,-0.09852646138481135,0,-2.740791808934049,0.03445535303142319,1.5220368599577219,-8.011764758741261,-25.3399585582679,234.6340111189269
1.4935463454389166,-0.12622742675626034,1.1183198061855624,0.6245964637647907,-40.967202541059386,-0.4192943794885869,0.7861123213825332,1,-1.5992081258985609,1,-4.510710532165457,-1.5887598866803236,-0.4022543540341215,-6.8123596949157665,-5.192982182896108,376.13332785212356
-0.6054957473537964,1.4482597563295039,-0.7563322495809274,0.6658729576415439,-40.967202541059386,0.017259535347825643,0.1123193221791851,0,1.0240064463326752,0,-1.0516870563127751,-2.6396581721886148,0.028746967335645857,-7.339937855639157,21.566872377916113,57.96532683118444
-0.07991811815979179,-0.249471834568478,-0.8472121980656299,1.0291356942841157,-40.967202541059386,0.9352633417679985,-1.2513386550735408,1,-0.2784981905568502,0,2.53634245034645,0.311474134396589,-1.036852142977317,-5.280408499373787,-0.15485985827386095,-222.8094451262715
0.06471392015154213,-0.6453155833069393,0.8163353332599425,-0.816452070515572,-39.967202541059386,0.43699342100862054,-2.912070807784181,0,2.1400913414647333,1,-4.565271004417857,-0.3309953248512771,0.7314588222533985,-6.809261409345537,25.06095665321067,208.7636761918841
-0.6591959717930925,-0.039573763013790675,0.03581478163539518,0.6632343861981207,-40.967202541059386,-0.8135546314247059,0.37829367362441213,0,1.1701217057377504,0,1.7525894148488734,1.266402643536244,-0.1157085801266086,-6.304555046512189,45.0753981450797,-314.06258151631914
1.079883447698259,1.0504633483354215,-0.7069218334431857,0.13138948615619073,-40.967202541059386,0.8740164704439307,-1.2566800487915544,0,1.0040957237803898,0,-7.763128807695306,-0.10845474858552927,1.2982277704185095,-7.679269849478885,81.98996503934679,170.25905485845158
-1.9474872079083432,-2.232432646282135,1.4642980649915385,-0.6213774988840388,-39.967202541059386,1.0658477756145255,1.2230500675753468,0,-1.1086647811204569,1,-1.7049016744766867,-0.5248097304200823,-0.6038834143690924,-5.492855364947257,-93.46419833830724,-20.35358663817894
0.4125635751237225,-1.9622071702855814,0.20124543279436563,1.1052315723454658,-40.967202541059386,-0.3895115124808753,-0.913230962292122,0,0.6035998052484434,0,10.008090246718705,1.784661137322105,-0.41196063253606485,-7.250138080862838,-29.634116876044097,-208.6659569358116
0.1463285792601185,2.0915636897563825,-0.10564816933613776,2.0499652270088187,-40.967202541059386,-0.5394524751147081,0.5915692839427961,1,-1.099298026029093,0,5.4000369797769885,0.96163215191118,0.6800230015930828,-6.0736095381074,47.1171365499808,-35.54616848968958
-1.001160866615748,-0.3439490191434713,0.2559696197522199,-1.2527020540662308,-40.967202541059386,-0.3786036225796488,0.1646550977426084,0,-0.443215655133672,1,-6.916310603277534,-0.465573230041425,-1.6616171090051575,-7.283968819318997,1.2024765108887188,112.71851340506774
-0.723879292956694,-0.9811682892719712,0.7715548812157415,-0.4300002621847033,-40.967202541059386,-1.5881047023988475,-0.8818591280859921,1,0.3314958331992152,0,7.052154174006634,0.6421518937794136,-0.5469540964655142,-6.623437905186571,-32.08511182458423,-233.8515665346571
-0.1987175990967859,-0.8538274498447176,0.7521621672345685,-0.11038496846543058,-40.967202541059386,1.5496559661340092,1.2248980349217553,0,1.1221824526743471,0,-0.7999407330323715,0.20795375115328818,0.36052710094567975,-5.4677653192315665,-18.96175053345064,-2.686382968692161
0.6823961222408181,0.4215790569749911,0.19556693148048812,0.1606619032409095,-40.967202541059386,0.7546255352046662,-0.4631462660772432,1,-1.1423340263197987,0,1.2936557413112568,-0.43143104536235466,0.6592051625140545,-6.83952826514268,73.15975559090971,-148.16445892635517
-0.6693289408074998,-0.9304565068120633,0.3677658064867268,0.31709743779543814,-40.967202541059386,-1.562283886000363,0.09112034110640928,1,0.9844542717804068,0,-8.720340328366508,0.1255124698233533,0.4149272039153602,-7.344878699506714,33.39416980823961,-63.71927711585474
-1.986096679377884,0.8761812281500422,1.4497751908838816,0.8900987959844779,-39.967202541059386,0.12103852982036946,-0.8612934778516478,0,0.2190604371994464,0,-0.7517240387032023,-0.0007085983779544263,0.8100142379374793,-8.215770148474492,22.044842250523402,-108.48465307183821
0.13572698359195007,0.3252388347476186,0.0979289583516436,-0.2679079324909812,-40.967202541059386,0.03483047527508037,-0.41300437703261494,0,1.1378713058230674,0,-1.2832291002851552,-0.33157197576957287,-0.021079548730116603,-6.029041201176396,28.87028224529702,-261.22241751155167
-0.5130582404187175,0.4269353993925712,0.6949995639094698,-1.1214337976116564,-39.967202541059386,2.0318162334176866,0.21614360495263438,1,-0.20067804687934176,0,4.816275767260387,-0.7844598847384374,0.1776107419908429,-6.023326749576057,-44.69971498188477,-278.7801950831432
-1.0239042921827295,0.2657761083213048,1.1759440568329285,0.7285332533888536,-40.967202541059386,0.3344712745054591,-0.032374922409512834,1,1.9528802282179731,1,6.564165756184471,0.583541509551326,-1.1452609602102368,-7.447795769518018,-90.28033861973414,-32.520630971085225
0.03874080242043197,0.3390297431606919,-1.1621833849986543,0.45857604691565274,-39.967202541059386,-1.5502332965521246,-0.9322174721404577,1,-0.5674906406263216,0,0.10110706910453603,0.8753517459936933,0.6538291305726287,-5.001936173658119,-26.709929218437424,65.78591703830763
2.0134402304471215,0.46044107065485507,-0.8102782632111581,-0.47683240408001276,-39.967202541059386,-0.2825181507260787,-0.6156094231090119,1,1.8180903909051656,0,3.6146471463285694,0.8911338105200984,0.8892482735794562,-6.719056479833934,-23.105025295383218,-68.70666827218008
0.9030314477641359,-0.7689604316709532,-2.1537092968328015,0.874221105667452,-40.967202541059386,0.7303090750618898,-0.8046112871011396,1,0.1942966936914604,1,8.182771237452497,1.4378625082622993,-0.2273777957770565,-7.3113814887764805,-28.105095531148372,48.790690645179495
2.325477171901482,-0.5666328929687111,0.351453368856989,-0.18596678353965368,-40.967202541059386,-2.4163425786802923,0.9706979423092028,0,-0.24293940126891292,0,-5.795156406380811,-0.11084390444766033,-1.9175176144380306,-6.325661330512961,9.0024124620342,245.58260040466698
-0.5525505883090622,-0.39952989966852787,-0.3869979384739745,-0.6649572586977824,-40.967202541059386,-0.7668180394017443,1.63308989943425,0,0.23162513367416268,0,5.480222925342667,0.06110226293268818,-0.36728366678729074,-5.534965298076881,-22.058623561775264,-292.4403826645871
0.612953087911348,-0.27887316456606076,0.9423529765666948,1.2394736961714146,-40.967202541059386,-0.09760809941365088,0.5648611186373885,0,0.010756231649287953,0,3.2764428499942557,0.6594548751390629,-0.41719743369056755,-5.766490560973498,78.28110996889993,-173.42124398857482
0.5597794224908652,1.363186536884244,-0.29085179381717297,1.6072031721564761,-40.967202541059386,-0.4882067176090261,-0.5481546706176461,0,-0.8355183536146882,1,-0.013436402985131981,0.6967681027550339,-0.1892474928127336,-5.577045437642228,-5.96625629417671,186.48574393267523
0.004831758011988503,-1.322487556333418,0.872497625606212,-0.4321451772610189,-40.967202541059386,0.5649511866585497,1.3906208204450936,0,0.3333368929074273,0,2.569148271686862,0.24835350334150172,0.9739059202944946,-7.728572766580399,37.51545399337267,-340.4532014696855
1.7434759059343057,1.224656113838702,-0.5145307493930662,-0.626280179734477,-40.967202541059386,1.2589719059367388,-0.8794375772676615,1,0.03575666900761432,1,2.816547691604574,-1.5398029359399366,-0.08578034228753019,-6.322427631604664,-11.69390864467022,386.3461854707967
-0.19398046658939608,0.852698270059088,0.36348524493006895,-1.9916916760831056,-40.967202541059386,-0.0711157641854555,0.9389971656485625,0,-0.5277860380561773,0,-0.7708261310477273,0.2812778503117892,-1.3157871538365649,-5.445591705286728,-51.99416150928842,122.17168807213432
1.5069397135783575,-0.8823166599860377,0.3428764834169834,0.3777404521867104,-39.967202541059386,-0.526171235604825,-0.7735586322821604,1,0.8545247745543881,0,1.409233226008878,1.4910134402049895,-0.2193353368512959,-6.5235619815398485,-18.408950171441443,33.01995554532802
0.06620628997309422,-0.7506037412160831,-1.3616803340487635,0.5310600490017676,-40.967202541059386,-0.2967589249422842,-1.5280803368836964,0,-0.8629585624900452,1,-3.1345477203877965,-0.2908891151964642,-2.638850205466878,-6.943766003111277,-1.940360625320601,185.20244960971453
1.39323890540139,-0.9274496588509645,0.7747301901673874,0.3775220490476658,-40.967202541059386,-0.33141831485954387,-0.36042711201264016,0,-0.9946722548854775,1,-1.9375984856360537,0.5252458714313738,-1.6835739010720068,-5.403640716607391,63.57301777694651,83.56794238615876
-0.2733451374342632,0.35949626860180567,-0.12117866077341045,1.4722055179386049,-40.967202541059386,0.05104347733991266,0.04940075204103839,0,0.6700311790229239,1,-1.363262163429013,-1.6437254095587448,1.2785188615714846,-7.837908918273106,40.3749354198098,107.67506464218448
0.12120315700205382,-1.0789389729277026,0.3109100343982658,1.487237263423652,-39.967202541059386,-0.5468842786441737,-1.1302946216923442,0,0.1236560466865296,0,-9.500117635561383,0.00641607173666968,-0.745193916331924,-7.701164849702015,27.06188775684043,55.037793197326266
2.155547275912953,1.021206314138766,-2.1794556638535534,0.31494071757528536,-39.967202541059386,1.188188082911669,1.2041734597030282,0,-1.6863134703674942,0,2.666455383953979,-0.2735178276720081,-0.746611790344871,-7.709494007086367,20.241394393850257,170.33240081618834
-0.24983882792954465,1.309081583328358,-1.7192330342486863,0.42203868559352636,-40.967202541059386,-0.27616983557635294,-1.0004619594432362,0,-0.29048320447975257,0,3.9639560776897267,0.19511390405001675,0.9680609243346585,-6.05943260583701,7.247752602228432,-26.44597589404961
0.7126808489266114,0.6176974539956712,0.5089116060787264,-0.939765878799428,-40.967202541059386,0.13687242711979555,0.2159849620536347,0,-0.31749935234181104,1,0.3092052891792272,-0.33122209334583574,-0.5198275940215141,-5.448948471728598,-44.03480578347041,328.2286931004531
0.8974652420281366,-1.0832285810744189,0.2535192385042899,-0.3730828414992263,-39.967202541059386,1.0381064971650658,0.6223966135448422,1,0.10235357677160795,0,1.5736905882714252,-1.6770473935487742,-1.5716305597234752,-8.174714710750841,58.45129383873028,-90.13373085343989
-0.1489420551835257,0.7727616496955839,0.6227965888670629,0.0405008819231692,-40.967202541059386,0.18309029131046722,-0.5453803115884102,1,0.18745347110754973,0,-0.4742218516949752,1.284493250585148,1.0474196090175332,-6.517699703187038,78.78041600555264,-248.3887784355161
0.657150920630187,-1.306420994818757,1.010018377424318,0.21990229328016161,-40.967202541059386,0.32701822345455317,-0.47612662867624955,1,-0.22972371387531168,1,1.9356166716620926,0.586305930523579,0.255341648264402,-5.877979702703444,-0.8351992185051066,-0.6332336780632275
-1.6430521343610769,1.677597949847244,-1.9864419834696414,-0.9516276327972106,-40.967202541059386,1.1640452897468168,-0.5699424303677733,0,-2.1368901569141787,0,-3.7075963209769864,-1.7835463781422676,-2.4821657834278548,-7.552323313014185,-35.59530358985111,9.567182907805467
-1.4856914034864996,-0.45814323028637743,1.011620325510563,-0.08677876440289249,-40.967202541059386,-0.8879467820121641,-1.8254414467259237,0,-0.3495581075988319,0,3.8277915988583713,-1.427721816044106,0.3960144923852252,-6.296909578638143,16.06887931729322,-222.61298620732043
0.18547774587995353,-0.34538269910668595,-0.6781170136469158,-0.4758022103437496,-39.967202541059386,-1.3472354021899826,-0.505337434590568,0,-1.2296956681831575,1,-6.413248836887683,2.1657696988371224,-0.6213333440442029,-6.287674936618464,-16.07576540831714,183.67058958210004
-1.1878482531535521,0.050735233224482645,0.47002430346693086,1.0719714083701282,-39.967202541059386,-1.194935913269685,1.6261680710932689,0,0.039013585257963286,1,-2.517718425159999,-0.5589119158095731,0.6267479854605383,-8.498214037016863,47.84387529844537,-48.81116649992497
-1.1373575506314533,-2.072962416934559,-0.929856422224936,0.17646470444074738,-39.967202541059386,0.6008195495449307,0.744099324455147,0,-0.4135102675311257,0,3.7965258771850503,-1.588613466574968,-0.8008325203473377,-7.4207396970034765,-12.422787338012379,-335.78884643970014
0.23321230905346696,1.384715028375289,0.08398625508477826,1.4626166785665893,-39.967202541059386,-0.5490851059472807,-0.08175349363911306,1,1.4167687630780401,0,7.182164740155543,-0.2972484901477766,2.193645594233894,-8.552311592485204,-31.103251446220987,-44.46681786870256
-0.4859318384188996,1.2598621948974695,1.9182683493091763,0.07510837010770079,-40.967202541059386,0.32664393298812083,0.244061907890587,0,-0.536360780777594,0,2.849283320961228,-1.5326092662069515,-0.49426344532395516,-5.871138644829639,40.00788244584344,-53.162133417436024
0.6346243981711159,-0.5166141389336604,1.203261936633533,-1.2108461850213856,-40.967202541059386,-0.9056510739365762,-0.3721324692961947,0,0.9080642251020035,0,3.8688283513966666,0.8049063270838046,1.6906645314874738,-5.569815808380717,-11.01126562544038,-259.73182715392045
-0.19753890229901686,-0.3684345886314197,1.5771154702091759,-0.14772062685408138,-40.967202541059386,0.0273956827681123,0.3478645387299869,0,1.8391947934945034,0,0.47116530715212585,-0.2783722053583917,1.3669070613909844,-5.981253310421229,-38.31072846450411,-18.126657354477814
-1.7449081625111844,0.5513392941565867,0.8256704874477137,0.7510750363347287,-40.967202541059386,-1.3529434631948647,1.8153560402706925,0,-1.1976245960545082,1,-2.617957154188451,-1.022742823497208,-0.51267908861375,-7.410437456779555,7.720729827956956,113.585003663826
1.4330081511143486,0.31532549914384034,-0.12334237939710878,0.14359175873415234,-40.967202541059386,-1.2516701578334761,-0.27684700998707906,0,1.098338281378782,0,-3.1962749230122793,0.024955771051384988,-0.15474897309377558,-7.373065872456296,-125.27878582963554,362.8788475105114
0.39864685308419323,-1.8412958075468555,0.818424351661873,1.57025692640675,-40.967202541059386,1.465413330000173,1.0522842874748155,1,0.14927612748343166,1,0.9360001815930772,-0.47047808255884443,-2.4140271073889803,-6.035511861765432,-50.97470739587108,45.898073271367636
-0.29114456394306737,0.38129418007956445,-1.2530956134049973,-0.17630040272819858,-39.967202541059386,-2.302034901523039,0.3485705100549334,1,1.445050901974092,0,3.5456750124295437,-0.1532018615419545,0.8732749072131145,-7.105968531826306,72.15303049044097,-208.93767260773262
0.6769441544432094,1.1550134845576299,-0.9456562960716912,-0.8210057963944751,-39.967202541059386,-0.6831664767180318,2.1967148116599873,1,0.5396781525049769,0,1.2028995001313003,1.2377919524451668,-0.020854105235954722,-6.348693485167401,-26.79941246161474,147.62716513350782
1.2346557288386675,-0.3513837672639757,1.1195229034138896,-0.508895760624077,-40.967202541059386,-1.737287932547221,1.0438863306244333,1,1.2213062315457754,1,0.2228726583891208,1.3580129727818457,0.13410077541058713,-6.766113991103034,28.83536607868575,110.51670296626597
0.12452858095837466,-1.0031861020606192,-1.305009602685611,0.13691675092500663,-39.967202541059386,0.8906459133168455,0.17427657962366408,1,0.49021663206992894,1,2.786525852949128,0.7581736506519524,-0.22561955494059205,-7.289860534729308,53.557608471000215,-10.317451638484528
0.47550743956278957,0.7779180534971593,0.2987112709544447,-0.4997474475186661,-39.967202541059386,0.49517096116837034,-2.049261361410001,1,-1.1806929952086185,0,-1.483508908725215,-1.7808436610468144,-0.6324419562868143,-6.039086698862974,26.600042083610948,13.66198074901557
0.20776933564662894,-1.321183515329859,-0.7422853825578806,-0.9229276700683565,-39.967202541059386,-1.0096761990373893,0.1307517684652216,0,-1.9915851441832009,0,3.7891563598408924,-0.8104657951377364,-0.5332179308354639,-6.26831305932078,-28.607196240624678,-52.27025923509445
-2.1715577557412424,0.5368610936975642,-0.2160716131098256,-0.16833347925258485,-40.967202541059386,0.9034959987399126,-0.5733409333700299,0,-0.02681239096655964,0,-0.06309881466272979,0.027589755014659913,-0.2071863508259319,-8.263187945965266,-73.99240533922288,-208.41470996279514
-1.4503020784342526,-0.32237558450743375,0.34677245918784816,0.6820586756401207,-40.967202541059386,0.7981128256669974,-0.4958189972123485,0,0.9274754677937038,0,5.612169642866574,-0.2454017697523607,-0.15159999490854806,-6.191486963942268,12.190732347016606,-287.3482256310287
-0.6721140348953237,0.06177781538997551,2.320423359657912,0.1273696211084348,-39.967202541059386,-0.042231698961741275,1.1241491882938148,0,-1.42264533298768,0,-1.8410248611568913,-0.8741587518678603,-0.3485736653514742,-7.364431839917782,4.255272175632595,-78.11263646081309
0.3838985226939122,-0.4707699659964264,-2.4663843001070718,-0.21823336271750832,-40.967202541059386,0.9237102742690758,-0.8972264909208421,0,-1.378069922466046,1,1.5656413441582917,-0.35029959367597,-0.6816524643925643,-6.069224042459294,-87.4167947629458,203.77337917175325
-0.7532686175950133,-0.0036311240377673243,0.10918638490426769,1.4543563512775906,-39.967202541059386,-0.5869184548379476,-0.4484734797696371,0,-0.11125811489400869,1,2.127478733375198,0.11642858926019832,-0.18029124112304173,-7.850149566179784,30.568631916349464,-4.958417871497858
-0.5192498086277199,-1.4451544221943713,0.7186285556112392,-0.012181437197745573,-39.967202541059386,1.0220723500962758,-0.44084586941583787,0,-0.17922652618971835,1,-1.2788316518052139,-1.930321319662999,-0.28767894823756834,-8.19321426567285,-20.307456221581262,137.6809900313984
2.0972804818894946,-0.6429904774182391,1.5113767973063281,0.4810963222691869,-40.967202541059386,-1.3318440604453223,-0.02437731743111703,0,-0.8281949758273797,0,-7.162938789515789,0.8712867924690442,-0.840214363883559,-6.5059760567601295,22.221888934493485,233.08196555265903
-0.4548229711070231,0.31002254857936934,1.254540623641258,0.030229244252162703,-40.967202541059386,0.10525388804560874,0.5852548181172221,0,0.05147085861004196,0,5.383668595892339,-0.4922881417049114,-0.004251299265887706,-7.146339237873742,-96.80913673404997,15.747067234675555
-0.5151432639869719,0.5166593588823174,0.2939793657846603,0.16043995780982817,-40.967202541059386,0.09605859050748797,-1.010550937435394,0,0.29975732692655105,0,0.9617931273882971,0.013612321563215676,-1.3220447966720654,-6.838068177175499,6.762301011528986,-26.35485216360403
-0.7911203798850256,0.5634069665502264,0.4932211766351238,1.4435149693416698,-40.967202541059386,-0.03454816503176301,2.672291243990706,0,-0.5966822267845528,1,3.0913970497587124,-1.008370453303565,0.631353456116662,-7.230089363643806,-2.748294161363405,135.50927256170291
-0.11153652845364,0.7680610495969057,1.6899652409095653,-0.8298166522659933,-39.967202541059386,-2.168908173273107,-0.5931046471909326,1,-1.1111892703833082,0,-1.1800424326876917,0.668020504275285,-1.0649834463830472,-7.254955981021955,-57.67770566150672,33.776573695031104
0.32729355420883033,-0.6187571520344296,1.2935571579151308,1.6570557056292354,-40.967202541059386,1.0948447485652724,-0.7554931644788859,1,-0.7770346120790841,1,-5.256729066727461,0.026632725181191003,-0.009807657634911138,-7.120893154632104,-52.929058662272574,209.2716445674277
-1.100655554647306,-0.36286716787418666,0.34900583766933435,-0.2623744652270552,-40.967202541059386,1.0923229705136017,1.1856762174938615,0,0.1309637747138726,0,3.22077000902501,-0.17270070566998982,0.4192208835240566,-5.281274523324922,45.34162769602701,-194.64005159886023
1.4163923421412257,0.9006046022352123,-0.7725197232199246,0.40781112599075287,-40.967202541059386,-0.61965061208991,0.5373542704152198,1,-2.1351234918514934,0,-3.2194739445291005,-1.6301524342573144,0.2660094687194561,-7.71127739302179,-33.05715020664852,292.58996913966394
-1.560590950133455,-1.299701963069461,0.575711075068467,2.0933538975694765,-40.967202541059386,-0.17077195357937083,1.7522491532051767,0,-0.239556133693373,0,-0.2781497868956259,1.303418349926024,-1.258329246858441,-6.115693121822016,-13.464361158538777,-126.98917027884511
0.45423444713171146,0.52649007760025,1.9622942497757896,2.1912500506902757,-40.967202541059386,1.1226623298663887,-1.2052572749098784,1,0.0687208921867262,1,-5.3141625651762965,1.707453344549634,-0.9174531596819231,-8.390939767648954,1.344697215045075,237.4865613973363
0.5391921877612706,-1.2318618091954194,-0.35101274842155683,0.052493169109320365,-40.967202541059386,-0.7219589944809779,0.2996867217580463,0,-0.296573983219128,0,-4.6973060487113285,0.8065745748657478,0.08292210671643804,-7.621013796252578,2.602887741786401,100.55854146017245
-1.3206733457329076,-0.6459799855890713,0.21692919565434934,0.9893494471892507,-39.967202541059386,-0.6063753508627513,-0.9812381159419615,0,-1.0714992082668593,1,-6.835987122343172,0.1498036797942781,-1.4072180904836393,-6.842595411179161,-33.98997554662557,208.9858466595909
1.9572590902740454,0.30701532546666105,0.6014281045382993,2.7949043026228066,-40.967202541059386,0.6585372882792334,1.7957989218812653,1,0.9990515677606435,0,-2.534407709020235,-0.1526523889676872,-2.1481208276048473,-6.760296549175751,14.001712257762508,17.43595487745546
1.1346885889666067,1.0462099252679995,-0.9821817121082819,0.26710346940373897,-40.967202541059386,-0.309687189941251,0.44287905384313253,1,2.329629402693658,0,4.839693989353229,0.042790705351711214,0.8298914218123691,-6.134796481721845,-41.77231854814167,115.12477436320809
-0.4378264916976654,-1.7342008095379318,-0.7068462170061229,-1.050948910104175,-39.967202541059386,0.9263143851598026,-0.17406010385513196,0,0.27133503905187456,0,-1.8414144104048857,-1.4278131248908088,0.3661294036509778,-6.592200748658954,-61.26696172073436,-139.0163072456724
1.073051008342487,-0.6130365607603488,-0.7495918126052116,-0.6710516496754783,-40.967202541059386,0.2611823812026067,0.12025702425553679,1,0.30026241266604325,1,-1.6185431932477388,-1.15342958609874,-1.1335568601480475,-6.5757416925631915,26.980737680396615,155.86756683339252
0.1793260194643413,1.722893179397085,-0.13460563193402997,-0.4258859316274301,-40.967202541059386,1.281141369784029,-0.08280853726193732,1,0.559322149872368,0,-1.3168116780865067,0.011463598220390244,0.21008976409077806,-6.39655260377548,39.8661265801429,46.02734059439956
-0.5741613540940121,0.10771843717261026,0.22517445816210774,0.687707107181758,-40.967202541059386,2.0653240059628315,-1.1151605639387376,1,-0.6521599628743128,1,6.2085298679065914,-1.0704479893447347,-1.9189243511362202,-6.656125432731979,-30.794227523769834,5.337072940012291
-0.14423313568991467,-1.5410505857945935,-1.9822574568695788,-0.14981721704956544,-39.967202541059386,-0.772498412357433,0.365230663018728,1,-0.7346501291590953,1,-4.324312822692072,1.1431108538274504,0.6886787356319914,-5.599179424793891,37.50666165793505,77.77008107634305
0.37443226488389464,-1.262706117076443,0.16289365844607848,-1.7510414716042968,-39.967202541059386,-0.5463841067813959,-0.4721852126101359,0,0.5720004958267008,0,-0.22656532453820769,1.2165177418629864,0.1618873221005842,-6.4522022372657455,47.34909343874913,-99.52434240265401
-0.31958959988931784,1.1234394798964515,-0.25726842891142776,1.4068238190893978,-40.967202541059386,-0.9616919650747341,0.6531975696448521,0,0.10225446024434928,1,1.3586436467007865,0.09117954639450836,-1.7920377026744543,-6.8972531141899305,-47.87524137457794,140.85052264387866
-1.6177608177058571,-0.7011056331496603,-0.77729737966446,0.16834060044565544,-40.967202541059386,-0.5103953363533831,-1.0243642313009744,0,-0.8180791003961599,1,1.5911716615351024,-0.9351918278628486,0.23668515428114378,-7.464550769950572,-36.908759920802375,-24.365239481785352
-0.15691861222617,-1.9487516635643058,-1.0943993133846956,-1.864735568090648,-39.967202541059386,0.609318690589687,-1.166862938586587,1,0.3324419110482825,1,2.604044969193383,0.03270530544192383,-0.2814995024896954,-6.972038295375305,-4.3174293153260015,-34.19045233878476
-0.001237626426598532,-1.0326003298808457,-1.5580612693291105,-0.452728253853477,-39.967202541059386,-0.04544829416768907,-0.22791742428903108,1,0.49992022286487403,1,3.2272120943834004,0.5059310775623299,-0.646074766347941,-7.393129010641002,12.28319937597558,-9.929506696584625
0.3029780584186198,-1.233650336408752,0.4274043884632569,-0.8934534151218747,-40.967202541059386,-0.7338313637190507,-0.691922337031744,1,1.0290518469161705,0,0.5656759349524946,-2.1837531427677708,0.873451370613555,-7.467797239825621,5.159656184844982,-32.94155231117577
-0.02478403368196789,-2.4524997845407084,0.9190887829648547,0.319271160976433,-40.967202541059386,-1.5318451336981398,-1.0529253521014272,1,-0.40156132011390316,1,-2.335985847176083,0.7296219672292942,-0.24344116200266672,-6.495071581213879,-57.33928085791378,33.341966462841384
0.3819872266769283,0.5134100140724229,0.4264000561197945,-1.2297563985148885,-39.967202541059386,-1.0888977748488466,1.2746533183059767,0,0.2991929915082522,1,4.158308699988397,-0.5702053209301929,-0.2994417821035789,-7.108659060988405,47.26159369753633,-21.891811174356448
-0.47109271110434026,0.1053976549176196,1.327210028272547,1.8126884264604448,-40.967202541059386,-1.2060087547342342,0.16551435165121026,1,1.4420822523203436,1,-1.0841174541003034,0.7711554206807978,1.7017502221774103,-8.183526055465009,35.17959444757094,4.73191493626242
1.342611189891367,-0.31137257110989075,-0.05175661229484637,0.9588809659773291,-40.967202541059386,2.077659135310818,0.7360416943190407,1,-0.7442825719567605,0,8.173073919328683,-0.4094431640044868,-1.0854257325868786,-7.532523541449669,49.3998898675467,-151.0779074490702
0.3464397758060235,1.3431654606584098,-0.8846302325096729,-1.091210648708007,-40.967202541059386,-0.7039507483208498,1.1520998115536092,0,-0.14018680159903918,0,1.3848008304048973,-0.47524547645745496,-1.1322964239235338,-6.731159134814003,-58.705910035824324,152.7047907771217
-0.5142961111421016,-1.6825428073683735,-0.1926444186408369,-0.7574119414924777,-39.967202541059386,0.888114117207664,-0.08853594718743797,0,1.2675305372614138,0,2.9821060756988547,0.6881285534140431,-0.7854455840680841,-6.938313685746625,-40.181871088392775,-156.11665488273613
-0.5439468798494363,-0.2661609685748345,-0.0046599944834020525,0.17614273201170008,-40.967202541059386,2.1878541265527516,-0.4148067678028919,0,0.8553514747020778,0,-4.449969989081495,-1.5936671062583248,0.23734898099209353,-7.595804385717993,10.948397834717932,-17.661974039046036
-0.2908605069610146,0.6212805310832152,-1.315533344455669,-0.3482337213657541,-40.967202541059386,-0.7513048029068531,-0.9006754753008775,0,-2.9453057730126257,0,-1.3299835566858835,-1.5007338799372254,1.3380379407017937,-6.4429704555327305,78.09865509142652,-94.5882705928407
1.0010202371776389,-0.1528715631677345,-0.345848673749319,0.028469603293746894,-40.967202541059386,-1.2902521814241468,0.6556095923110017,1,1.254466925683061,1,1.5470357744523517,-0.6864951001316493,-0.8816792794727952,-7.358686301743028,-56.65145699852111,163.33836311036586
-0.6715543225822402,0.13050091440329292,1.9020863559459795,0.49149360462775155,-39.967202541059386,-0.23824352828489162,-0.10747053310987895,1,-0.520213940886198,1,4.561153866151107,1.973337299695124,-1.6334235534023485,-6.877843487211145,-54.70479945940715,13.6947964392144
-0.5306160589666522,0.10212807020227145,0.5788763158437683,1.2872081037414937,-40.967202541059386,1.4171415733028594,-0.3017906811398365,0,-1.7293984309093986,1,1.4576598024292016,-0.31157952893740254,-0.5476528533840136,-6.651738014884051,30.40627761496485,32.682513070227
-0.9248355519126444,-0.7954900628678052,0.08899688980158502,-0.8023010470081359,-40.967202541059386,-1.072998040298618,0.9136547628291266,0,-1.5702033832381943,0,-6.0190164914367505,0.6414468065929033,-0.9331809911605919,-8.377147741859341,0.25503799816852946,-66.80079955973194
0.29648475759758136,0.19008234842850608,0.7668735957227598,-0.9975936853639165,-40.967202541059386,-0.16956645799514483,-1.0476634075267799,0,0.15723363670962004,0,-3.29915758482952,1.5584100434348587,1.0800445890555455,-6.313242339177886,17.896068293535254,104.85009677751658
-0.587133170544114,0.9848442968067247,-0.8915250689809756,-0.3250105784910496,-39.967202541059386,-2.0633399782280417,-0.9548261167814033,1,-0.008734567995591943,1,-2.0269972737636164,-0.5477720303453871,-1.4268755138952722,-7.108308535384119,28.325724969623305,137.83246315539742
1.143223268721369,0.33891594821128695,-0.2088505009770022,-0.9125892035026162,-39.967202541059386,-1.2677187913282357,-0.8363402474133131,1,0.3309878612836141,0,7.598697808496219,-0.006987876393307237,0.5797351724014012,-5.298593181924041,-17.002234808349243,-118.62530199309566
-0.2226018975961908,-0.43112063610247336,-0.35063117729811594,0.8158501356951565,-40.967202541059386,-1.923840927303131,-1.07049393652343,1,0.9989322675226239,0,-5.506864198510497,-0.7075388429836947,0.5155401935201257,-5.520630052031075,-98.27760111747918,74.84444435051986
-0.28194847185057426,0.9982368439556869,-0.8991838894295613,2.6288136319012865,-40.967202541059386,1.7727818836083162,0.34047182196255926,1,2.5551200547851254,0,0.5045644411090408,-1.6135939393804277,1.180624282195935,-8.303702473025222,-29.444956513553933,43.055594466858985
-0.06517814430086144,-0.4487376325692604,0.5865720317669958,-0.2795538884211458,-40.967202541059386,-0.27168701207887436,-0.5106443542180573,0,1.301338927518669,0,-3.7541096704115144,-0.6090351607900735,0.547552963777463,-6.5392156122614145,-47.353650493702084,-3.326538195208599
1.9929096729569071,0.07604942943060837,0.5070483768512791,0.6156864096001414,-40.967202541059386,-0.4022475758805945,-1.6042750172946982,0,0.009183111338343236,0,2.639191696093537,-0.6330870309763236,0.4851415695967952,-7.210736924721492,51.120578456009056,32.08874426552196
1.6117177435186096,1.3473398964543672,0.5641846522293134,-1.2336147581504147,-40.967202541059386,-0.9451097446647282,-0.6221788178652343,1,-0.3832943434348692,0,-1.0615273110560015,-1.6204677418512212,-0.6177424000446424,-7.259825790969518,13.535018695348125,208.6244657191354
-0.5956199799585983,-0.6966349875293641,-0.530742773628032,-0.8073379627197046,-39.967202541059386,-0.02318768815256959,0.09275334139323145,0,-0.7267963168343662,1,9.458083193911564,1.8519710346627916,-0.48318719108374036,-5.375301388324674,45.18270442155897,-261.5216270239592
0.21188585313586136,-0.585984785816148,1.2559825555738655,-0.30320235308407134,-40.967202541059386,2.6226903463703803,0.33231017281893865,1,-1.337127202518367,1,4.906805288341954,0.08390711936701525,-0.5757838593607358,-7.505501534137179,-77.48189557457789,132.5202718417321
0.5441813854203326,-0.17629143636946099,-0.12205313112243257,-1.284940629537833,-39.967202541059386,-0.5155201178874149,-0.7583460868243191,0,0.29120313287289584,1,0.6785132908252005,0.4343129179339112,0.9021528444304492,-8.45851264787797,-14.890298378578192,238.43960265448146
-0.25914492830981206,2.839787999328298,0.8160694902393586,-2.466932601076478,-40.967202541059386,1.5458847787708825,-0.39803197272277335,0,0.30061346656434773,0,3.311093379102287,-1.085595533966403,-1.8080166509777897,-7.322059358738059,-14.559642508830695,-42.55373082124494
0.10715665079911056,-0.9222378977805432,0.29815447139733414,0.04123957725507727,-40.967202541059386,0.8499197202950983,1.1303466071628494,0,-1.2617830774050631,0,0.04490785784874229,-1.491482705563165,-1.4988777035700311,-6.960731802371339,3.549564206071653,-2.7903109518593774
0.5495963618405186,2.0998489821090356,-1.1955658777088012,-0.700567912308268,-40.967202541059386,-0.31672085935078764,-0.4430448420082565,1,0.09616847653725281,0,-2.455959067829049,0.39218532937817946,-0.7880784930589984,-8.053126741146842,-25.959213453884566,69.62465079044347
0.037794515537172696,0.7868884039389674,-1.9728965496788258,-0.7114449184758679,-40.967202541059386,-1.507175689526277,1.3723149026442611,1,-0.6630729021124523,0,2.4469289225077917,0.2813620476414794,-0.822224958822136,-7.011334082336005,28.295365693834,-61.05556961426885
2.4110567139529047,0.36298078192343697,-0.22896640530139864,0.04074304727601276,-39.967202541059386,0.7982649334722235,-0.6404723983548235,0,-1.1719104218915009,0,3.5438865027782667,-0.7735888909882537,0.673874826600753,-6.473199898952904,3.202720648234009,91.52869325209937
-1.3439667628224812,0.8535245213097532,0.6434419380996733,-0.013886175449254813,-40.967202541059386,1.7640894488223198,0.08249151664166708,0,0.32470722104727245,0,2.804384614965438,0.8666544596638288,0.8362303931087608,-5.534995390418077,-21.803697213924323,-130.17536390422123
1.0989147363902103,-0.09998087074784816,-0.1191388129449742,-1.4196441198130192,-39.967202541059386,-0.40896427255083556,0.16304825239697526,1,-1.728959334340999,0,-4.6800317639243,-0.3542520956058066,1.0431697574071217,-7.152056076884895,69.0778720146695,93.33618927127945
-0.33080990777088576,-1.5891966058343914,0.1732145038497104,0.8059051988227196,-40.967202541059386,-0.3856326930821314,1.1451029885941149,0,1.824739446991088,0,6.47506623519189,-0.8707914061415536,-1.1169008903168791,-6.7282231653862015,56.135273097546154,-293.4373187556187
0.548404653697183,-0.15381097493033677,-0.9785389533296384,-1.4317997434408962,-40.967202541059386,0.8628820634696712,-0.10591993303247171,1,1.3459483178763114,0,6.593720261560182,-0.34011457488662217,-0.5792437424564905,-6.931582844852014,-0.21855682351377084,-172.61436870797377
-0.5067929790339547,1.588423472826974,-0.6420871525875529,0.49210545561229463,-40.967202541059386,-1.0324777594728394,-0.8627248059482507,0,-0.7942022149261215,1,4.093412826476432,-0.21638237967534948,1.1796260566772578,-5.856036370188757,-6.162723632181745,141.78451339896588
-0.6139383578919196,0.2673015702127626,1.0082490037748566,1.3898924949189164,-40.967202541059386,2.0884991442726486,0.49782353858568507,0,2.0267724334532344,0,0.5473749863272029,0.3433032311455409,0.001932518548961601,-7.329230975248629,53.32353528345264,-107.42687356829822
0.5750171973216172,2.2590661578629354,1.8751236162862541,0.6622144398467481,-39.967202541059386,-0.9020895190102989,-0.21771334736681874,1,2.595483897312069,1,1.4801941086955928,-1.0004928234619692,-1.3316638743554658,-6.963124118506161,12.978372998447929,256.7109761585315
0.3091393829186759,0.23442089020329962,-0.18381259072350092,0.820591535988838,-40.967202541059386,-0.6569482225789505,0.5342411639507203,1,0.3899225018936443,0,-4.164422623719105,-0.7364695052084101,-0.42900880965454946,-6.910413238487556,58.892372147395754,39.575432912213046
1.010982470604016,0.8485088175720007,-0.1871626529774619,1.6155203414682755,-40.967202541059386,-0.506776075614611,-1.1599642871170468,1,-1.2581377698625023,1,-0.2837152191445721,1.767524690026342,-1.0877575637490267,-8.420301055038532,-18.850925658962282,249.328735740858
-0.7990473401669878,-0.3459766068881557,0.2942602748552088,-0.882409044280575,-39.967202541059386,-0.5877525681101161,0.17506188386104293,1,0.8194302796581853,0,-3.7008801327102927,-0.19840360201305413,-0.5212339376012185,-8.22386970139496,-10.306137290623079,-139.46756824676712
0.480639510211336,0.25509144856577093,-0.6605825859427563,-0.15151512791943936,-40.967202541059386,0.017278080190670606,1.9625397549838717,0,0.4951687047157762,1,5.741624600742059,-0.23775329765260877,2.0970475394917965,-6.555907916750213,27.675870421453286,62.51514495494395
0.8049439216150028,-1.0363052748060142,1.1440946358967172,-0.14684544650511994,-39.967202541059386,-0.6055192563393824,-1.193234910342338,0,1.511000036257918,0,5.0842730305478385,-1.6776569914916082,0.45182853779211524,-6.682506400091808,11.770208846705236,-60.92034872838833
0.08610861837485005,-0.8386629013998919,-0.48441236383774106,-0.5324882136309176,-40.967202541059386,-0.7174240504564284,0.9327531137151176,1,0.224849286071165,0,3.1098278562623083,-0.6390767189570499,0.5098453230840022,-5.082377752966205,3.7384953288608047,-155.54246768856478
-1.2846573280641278,-1.3151613553843686,2.3303786939865643,-1.9583558549537932,-39.967202541059386,-0.7479242087724329,-0.27139136024035526,0,0.4286379266736566,0,3.3413917093057965,0.6074908292232478,0.0340748652033184,-7.428983487281335,-5.133723257868842,-201.44195678277336
-1.449546995274509,0.14167635891045757,0.7684348305710057,0.8093418899178872,-40.967202541059386,0.03636234590099871,-0.0644637508990383,1,0.47139741236371957,0,3.0817527090708543,1.076737741204172,0.7435596126324434,-8.162929025509257,38.021634619940585,-292.21799522609655
-0.3663011894123542,-1.3466405933254757,1.20257979900949,-0.14271750793524388,-40.967202541059386,1.4625699310084694,-0.4461993823150636,0,-1.1658206889848144,0,-0.1602518836825896,0.687522813594319,-0.7420678442629016,-7.384114342441699,51.798913603830286,-123.32198205380129
1.4875197409457674,-1.1371618632266527,-0.7267132834639511,-0.2010512821806694,-39.967202541059386,2.078451381098773,0.7191225307697814,0,0.36447666854564154,1,0.3267903487404259,-0.3810748674020956,1.9331696387185902,-7.659023305503643,55.3422652960456,112.78769693607452
-2.078057769245056,-1.4015599429033239,-0.20742277656158412,0.202681301217276,-40.967202541059386,0.60715765347448,1.3543003691326145,0,-0.22158195882034468,0,-4.019725519544639,1.8220777623586732,-2.4742271435710057,-6.5411322314783105,-19.950973364564845,-126.76906276586374
-2.220871362458546,0.6044832927557571,0.1463039593807077,-0.6009261224138681,-40.967202541059386,0.2114531921409799,1.4593437008615116,1,-0.21856089702679382,1,-2.6677704616320987,-1.6621656401618663,1.675210440207433,-5.564641587568839,38.973545802222574,30.69621248784736
